,,,players_used,Age,Poss,Playing Time,Playing Time,Playing Time,Playing Time,Performance,Performance,Performance,Performance,Performance,Performance,Performance,Performance,Expected,Expected,Expected,Expected,Progression,Progression,Per 90 Minutes,Per 90 Minutes,Per 90 Minutes,Per 90 Minutes,Per 90 Minutes,Per 90 Minutes,Per 90 Minutes,Per 90 Minutes,Per 90 Minutes,Per 90 Minutes,url
,,,,,,MP,Starts,Min,90s,Gls,Ast,G+A,G-PK,PK,PKatt,CrdY,CrdR,xG,npxG,xAG,npxG+xAG,PrgC,PrgP,Gls,Ast,G+A,G-PK,G+A-PK,xG,xAG,xG+xAG,npxG,npxG+xAG,
league,season,team,,,,,,,,,,,,,,,,,,,,,,,,,,,,,,,,
INT-World Cup,1930,Argentina,21,24.3,,5,55,450,5.0,18,,,18,0,,0,0,,,,,,,3.6,,,3.6,,,,,,,/en/squads/f9fddd6e/1930/Argentina-Men-Stats
INT-World Cup,1930,Belgium,13,23.4,,2,22,180,2.0,0,,,0,0,,0,0,,,,,,,0.0,,,0.0,,,,,,,/en/squads/361422b9/1930/Belgium-Men-Stats
INT-World Cup,1930,Bolivia,13,24.3,,2,22,180,2.0,0,,,0,0,,0,0,,,,,,,0.0,,,0.0,,,,,,,/en/squads/1bd2760c/1930/Bolivia-Men-Stats
INT-World Cup,1930,Brazil,17,24.2,,2,22,180,2.0,5,,,5,0,,0,0,,,,,,,2.5,,,2.5,,,,,,,/en/squads/304635c3/1930/Brazil-Men-Stats
INT-World Cup,1930,Chile,16,25.7,,3,33,270,3.0,4,,,4,0,,0,0,,,,,,,1.33,,,1.33,,,,,,,/en/squads/7fd9c2a2/1930/Chile-Men-Stats
INT-World Cup,1930,France,13,23.4,,3,33,270,3.0,4,,,4,0,,0,0,,,,,,,1.33,,,1.33,,,,,,,/en/squads/b1b36dcd/1930/France-Men-Stats
INT-World Cup,1930,Mexico,16,23.3,,3,33,270,3.0,4,,,3,1,,0,0,,,,,,,1.33,,,1.0,,,,,,,/en/squads/b009a548/1930/Mexico-Men-Stats
INT-World Cup,1930,Paraguay,16,23.3,,2,22,180,2.0,1,,,1,0,,0,0,,,,,,,0.5,,,0.5,,,,,,,/en/squads/d2043442/1930/Paraguay-Men-Stats
INT-World Cup,1930,Peru,14,23.7,,2,24,180,2.0,1,,,1,0,,0,1,,,,,,,0.5,,,0.5,,,,,,,/en/squads/f711c854/1930/Peru-Men-Stats
INT-World Cup,1930,Romania,13,22.4,,2,22,180,2.0,3,,,3,0,,0,0,,,,,,,1.5,,,1.5,,,,,,,/en/squads/7def9493/1930/Romania-Men-Stats
INT-World Cup,1930,United States,11,26.7,,3,33,270,3.0,7,,,7,0,,0,0,,,,,,,2.33,,,2.33,,,,,,,/en/squads/0f66725b/1930/United-States-Men-Stats
INT-World Cup,1930,Uruguay,15,26.8,,4,44,360,4.0,15,,,15,0,,0,0,,,,,,,3.75,,,3.75,,,,,,,/en/squads/870e020f/1930/Uruguay-Men-Stats
INT-World Cup,1930,Yugoslavia,12,21.4,,3,33,270,3.0,7,,,7,0,,0,0,,,,,,,2.33,,,2.33,,,,,,,/en/squads/7dc9f983/1930/Yugoslavia-Men-Stats
INT-World Cup,1934,Argentina,11,23.9,,1,11,90,1.0,2,,,2,0,,0,0,,,,,,,2.0,,,2.0,,,,,,,/en/squads/f9fddd6e/1934/Argentina-Men-Stats
INT-World Cup,1934,Austria,13,25.8,,4,44,390,4.3,7,,,7,0,,0,0,,,,,,,1.62,,,1.62,,,,,,,/en/squads/d5121f10/1934/Austria-Men-Stats
INT-World Cup,1934,Belgium,11,24.4,,1,11,90,1.0,2,,,2,0,,0,0,,,,,,,2.0,,,2.0,,,,,,,/en/squads/361422b9/1934/Belgium-Men-Stats
INT-World Cup,1934,Brazil,11,23.3,,1,11,90,1.0,1,,,1,0,,0,0,,,,,,,1.0,,,1.0,,,,,,,/en/squads/304635c3/1934/Brazil-Men-Stats
INT-World Cup,1934,Czechoslovakia,13,26.6,,4,44,390,4.3,9,,,9,0,,0,0,,,,,,,2.08,,,2.08,,,,,,,/en/squads/969248b8/1934/Czechoslovakia-Men-Stats
INT-World Cup,1934,Egypt,11,25.2,,1,12,90,1.0,2,,,2,0,,0,0,,,,,,,2.0,,,2.0,,,,,,,/en/squads/b8889750/1934/Egypt-Men-Stats
INT-World Cup,1934,France,11,24.3,,1,11,120,1.3,2,,,1,1,,0,0,,,,,,,1.5,,,0.75,,,,,,,/en/squads/b1b36dcd/1934/France-Men-Stats
INT-World Cup,1934,Germany,18,23.5,,4,44,360,4.0,11,,,11,0,,0,0,,,,,,,2.75,,,2.75,,,,,,,/en/squads/c1e40422/1934/Germany-Men-Stats
INT-World Cup,1934,Hungary,16,25.2,,2,22,180,2.0,5,,,4,1,,0,1,,,,,,,2.5,,,2.0,,,,,,,/en/squads/b4ac5e97/1934/Hungary-Men-Stats
INT-World Cup,1934,Italy,17,28.4,,5,55,510,5.7,12,,,12,0,,0,0,,,,,,,2.12,,,2.12,,,,,,,/en/squads/998c5958/1934/Italy-Men-Stats
INT-World Cup,1934,Netherlands,11,25.7,,1,11,90,1.0,2,,,2,0,,0,0,,,,,,,2.0,,,2.0,,,,,,,/en/squads/5bb5024a/1934/Netherlands-Men-Stats
INT-World Cup,1934,Romania,11,24.1,,1,11,90,1.0,1,,,1,0,,0,0,,,,,,,1.0,,,1.0,,,,,,,/en/squads/7def9493/1934/Romania-Men-Stats
INT-World Cup,1934,Spain,19,24.9,,3,33,300,3.3,4,,,3,1,,0,0,,,,,,,1.2,,,0.9,,,,,,,/en/squads/b561dd30/1934/Spain-Men-Stats
INT-World Cup,1934,Sweden,11,27.5,,2,22,180,2.0,4,,,4,0,,0,0,,,,,,,2.0,,,2.0,,,,,,,/en/squads/296f69e7/1934/Sweden-Men-Stats
INT-World Cup,1934,Switzerland,13,24.5,,2,22,180,2.0,5,,,5,0,,0,0,,,,,,,2.5,,,2.5,,,,,,,/en/squads/81021a70/1934/Switzerland-Men-Stats
INT-World Cup,1934,United States,11,28.5,,1,11,90,1.0,1,,,1,0,,0,0,,,,,,,1.0,,,1.0,,,,,,,/en/squads/0f66725b/1934/United-States-Men-Stats
INT-World Cup,1938,Belgium,11,26.1,,1,11,90,1.0,1,,,1,0,,0,0,,,,,,,1.0,,,1.0,,,,,,,/en/squads/361422b9/1938/Belgium-Men-Stats
INT-World Cup,1938,Brazil,21,25.6,,5,55,510,5.7,14,,,14,0,,0,2,,,,,,,2.47,,,2.47,,,,,,,/en/squads/304635c3/1938/Brazil-Men-Stats
INT-World Cup,1938,Cuba,14,20.5,,3,33,300,3.3,5,,,5,0,,0,0,,,,,,,1.5,,,1.5,,,,,,,/en/squads/9038ec62/1938/Cuba-Men-Stats
INT-World Cup,1938,Czechoslovakia,17,26.6,,3,33,330,3.7,5,,,4,1,,0,1,,,,,,,1.36,,,1.09,,,,,,,/en/squads/969248b8/1938/Czechoslovakia-Men-Stats
INT-World Cup,1938,Dutch East Indies,11,24.8,,1,11,90,1.0,0,,,0,0,,0,0,,,,,,,0.0,,,0.0,,,,,,,/en/squads/270e8684/1938/Dutch-East-Indies-Men-Stats
INT-World Cup,1938,France,11,27.1,,2,22,180,2.0,4,,,4,0,,0,0,,,,,,,2.0,,,2.0,,,,,,,/en/squads/b1b36dcd/1938/France-Men-Stats
INT-World Cup,1938,Germany,17,25.4,,2,22,210,2.3,2,,,2,0,,0,1,,,,,,,0.86,,,0.86,,,,,,,/en/squads/c1e40422/1938/Germany-Men-Stats
INT-World Cup,1938,Hungary,17,27.0,,4,44,360,4.0,14,,,14,0,,0,0,,,,,,,3.5,,,3.5,,,,,,,/en/squads/b4ac5e97/1938/Hungary-Men-Stats
INT-World Cup,1938,Italy,14,26.1,,4,44,390,4.3,11,,,10,1,,0,0,,,,,,,2.54,,,2.31,,,,,,,/en/squads/998c5958/1938/Italy-Men-Stats
INT-World Cup,1938,Netherlands,11,26.2,,1,11,120,1.3,0,,,0,0,,0,0,,,,,,,0.0,,,0.0,,,,,,,/en/squads/5bb5024a/1938/Netherlands-Men-Stats
INT-World Cup,1938,Norway,11,26.1,,1,11,120,1.3,1,,,1,0,,0,0,,,,,,,0.75,,,0.75,,,,,,,/en/squads/599eba19/1938/Norway-Men-Stats
INT-World Cup,1938,Poland,11,25.0,,1,11,120,1.3,5,,,4,1,,0,0,,,,,,,3.75,,,3.0,,,,,,,/en/squads/8912dcf0/1938/Poland-Men-Stats
INT-World Cup,1938,Romania,16,26.6,,2,24,210,2.3,4,,,4,0,,0,0,,,,,,,1.71,,,1.71,,,,,,,/en/squads/7def9493/1938/Romania-Men-Stats
INT-World Cup,1938,Sweden,15,26.7,,3,33,270,3.0,11,,,11,0,,0,0,,,,,,,3.67,,,3.67,,,,,,,/en/squads/296f69e7/1938/Sweden-Men-Stats
INT-World Cup,1938,Switzerland,13,26.1,,3,33,300,3.3,5,,,5,0,,0,0,,,,,,,1.5,,,1.5,,,,,,,/en/squads/81021a70/1938/Switzerland-Men-Stats
INT-World Cup,1950,Bolivia,11,25.7,,1,11,90,1.0,0,,,0,0,,0,0,,,,,,,0.0,,,0.0,,,,,,,/en/squads/1bd2760c/1950/Bolivia-Men-Stats
INT-World Cup,1950,Brazil,17,27.4,,6,66,540,6.0,21,,,21,0,,1,0,,,,,,,3.5,,,3.5,,,,,,,/en/squads/304635c3/1950/Brazil-Men-Stats
INT-World Cup,1950,Chile,16,24.8,,3,33,270,3.0,5,,,5,0,,0,0,,,,,,,1.67,,,1.67,,,,,,,/en/squads/7fd9c2a2/1950/Chile-Men-Stats
INT-World Cup,1950,England,15,27.7,,3,33,270,3.0,2,,,2,0,,0,0,,,,,,,0.67,,,0.67,,,,,,,/en/squads/1862c019/1950/England-Men-Stats
INT-World Cup,1950,Italy,18,27.0,,2,22,180,2.0,4,,,4,0,,0,0,,,,,,,2.0,,,2.0,,,,,,,/en/squads/998c5958/1950/Italy-Men-Stats
INT-World Cup,1950,Mexico,17,24.9,,3,33,270,3.0,2,,,1,1,,0,0,,,,,,,0.67,,,0.33,,,,,,,/en/squads/b009a548/1950/Mexico-Men-Stats
INT-World Cup,1950,Paraguay,11,27.0,,2,22,180,2.0,2,,,2,0,,0,0,,,,,,,1.0,,,1.0,,,,,,,/en/squads/d2043442/1950/Paraguay-Men-Stats
INT-World Cup,1950,Spain,18,26.2,,6,66,540,6.0,10,,,10,0,,0,0,,,,,,,1.67,,,1.67,,,,,,,/en/squads/b561dd30/1950/Spain-Men-Stats
INT-World Cup,1950,Sweden,15,26.7,,5,55,450,5.0,11,,,10,1,,0,0,,,,,,,2.2,,,2.0,,,,,,,/en/squads/296f69e7/1950/Sweden-Men-Stats
INT-World Cup,1950,Switzerland,13,27.8,,3,33,270,3.0,4,,,4,0,,0,0,,,,,,,1.33,,,1.33,,,,,,,/en/squads/81021a70/1950/Switzerland-Men-Stats
INT-World Cup,1950,United States,12,26.2,,3,33,270,3.0,4,,,3,1,,0,0,,,,,,,1.33,,,1.0,,,,,,,/en/squads/0f66725b/1950/United-States-Men-Stats
INT-World Cup,1950,Uruguay,14,26.1,,4,44,360,4.0,15,,,15,0,,0,0,,,,,,,3.75,,,3.75,,,,,,,/en/squads/870e020f/1950/Uruguay-Men-Stats
INT-World Cup,1950,Yugoslavia,13,27.0,,3,33,270,3.0,7,,,7,0,,0,0,,,,,,,2.33,,,2.33,,,,,,,/en/squads/7dc9f983/1950/Yugoslavia-Men-Stats
INT-World Cup,1954,Austria,15,27.0,,5,55,450,5.0,16,,,15,1,,0,0,,,,,,,3.2,,,3.0,,,,,,,/en/squads/d5121f10/1954/Austria-Men-Stats
INT-World Cup,1954,Belgium,12,27.0,,2,22,210,2.3,4,,,4,0,,0,0,,,,,,,1.71,,,1.71,,,,,,,/en/squads/361422b9/1954/Belgium-Men-Stats
INT-World Cup,1954,Brazil,14,26.2,,3,33,300,3.3,8,,,7,1,,0,2,,,,,,,2.4,,,2.1,,,,,,,/en/squads/304635c3/1954/Brazil-Men-Stats
INT-World Cup,1954,Czechoslovakia,14,25.3,,2,22,180,2.0,0,,,0,0,,0,0,,,,,,,0.0,,,0.0,,,,,,,/en/squads/969248b8/1954/Czechoslovakia-Men-Stats
INT-World Cup,1954,England,14,29.6,,3,33,300,3.3,8,,,8,0,,0,0,,,,,,,2.4,,,2.4,,,,,,,/en/squads/1862c019/1954/England-Men-Stats
INT-World Cup,1954,France,14,25.0,,2,22,180,2.0,2,,,1,1,,0,0,,,,,,,1.0,,,0.5,,,,,,,/en/squads/b1b36dcd/1954/France-Men-Stats
INT-World Cup,1954,Germany,18,28.2,,6,66,540,6.0,24,,,22,2,,0,0,,,,,,,4.0,,,3.67,,,,,,,/en/squads/c1e40422/1954/Germany-Men-Stats
INT-World Cup,1954,Hungary,15,27.4,,5,55,480,5.3,27,,,26,1,,0,1,,,,,,,5.06,,,4.87,,,,,,,/en/squads/b4ac5e97/1954/Hungary-Men-Stats
INT-World Cup,1954,Italy,17,26.8,,3,33,270,3.0,6,,,5,1,,0,0,,,,,,,2.0,,,1.67,,,,,,,/en/squads/998c5958/1954/Italy-Men-Stats
INT-World Cup,1954,Korea Republic,18,29.5,,2,22,180,2.0,0,,,0,0,,0,0,,,,,,,0.0,,,0.0,,,,,,,/en/squads/473f0fbf/1954/Korea-Republic-Men-Stats
INT-World Cup,1954,Mexico,13,25.5,,2,22,180,2.0,2,,,2,0,,0,0,,,,,,,1.0,,,1.0,,,,,,,/en/squads/b009a548/1954/Mexico-Men-Stats
INT-World Cup,1954,Scotland,11,27.0,,2,22,180,2.0,0,,,0,0,,0,0,,,,,,,0.0,,,0.0,,,,,,,/en/squads/602d3994/1954/Scotland-Men-Stats
INT-World Cup,1954,Switzerland,14,27.7,,4,44,360,4.0,11,,,11,0,,0,0,,,,,,,2.75,,,2.75,,,,,,,/en/squads/81021a70/1954/Switzerland-Men-Stats
INT-World Cup,1954,Türkiye,15,24.5,,3,33,270,3.0,10,,,10,0,,0,0,,,,,,,3.33,,,3.33,,,,,,,/en/squads/ac6bcf92/1954/Turkiye-Men-Stats
INT-World Cup,1954,Uruguay,15,26.9,,5,55,480,5.3,16,,,16,0,,0,0,,,,,,,3.0,,,3.0,,,,,,,/en/squads/870e020f/1954/Uruguay-Men-Stats
INT-World Cup,1954,Yugoslavia,12,26.9,,3,33,300,3.3,2,,,2,0,,0,0,,,,,,,0.6,,,0.6,,,,,,,/en/squads/7dc9f983/1954/Yugoslavia-Men-Stats
INT-World Cup,1958,Argentina,14,28.3,,3,33,270,3.0,5,,,3,2,,0,0,,,,,,,1.67,,,1.0,,,,,,,/en/squads/f9fddd6e/1958/Argentina-Men-Stats
INT-World Cup,1958,Austria,16,26.8,,3,33,270,3.0,2,,,2,0,,0,0,,,,,,,0.67,,,0.67,,,,,,,/en/squads/d5121f10/1958/Austria-Men-Stats
INT-World Cup,1958,Brazil,16,25.9,,6,66,540,6.0,16,,,16,0,,0,0,,,,,,,2.67,,,2.67,,,,,,,/en/squads/304635c3/1958/Brazil-Men-Stats
INT-World Cup,1958,Czechoslovakia,16,25.1,,4,44,390,4.3,9,,,8,1,,0,1,,,,,,,2.08,,,1.85,,,,,,,/en/squads/969248b8/1958/Czechoslovakia-Men-Stats
INT-World Cup,1958,England,15,26.0,,5,44,360,4.0,4,,,3,1,,0,0,,,,,,,1.0,,,0.75,,,,,,,/en/squads/1862c019/1958/England-Men-Stats
INT-World Cup,1958,France,15,27.2,,6,66,540,6.0,23,,,22,1,,0,0,,,,,,,3.83,,,3.67,,,,,,,/en/squads/b1b36dcd/1958/France-Men-Stats
INT-World Cup,1958,Hungary,16,26.7,,4,44,360,4.0,7,,,7,0,,0,1,,,,,,,1.75,,,1.75,,,,,,,/en/squads/b4ac5e97/1958/Hungary-Men-Stats
INT-World Cup,1958,Mexico,17,26.5,,3,33,270,3.0,1,,,1,0,,0,0,,,,,,,0.33,,,0.33,,,,,,,/en/squads/b009a548/1958/Mexico-Men-Stats
INT-World Cup,1958,Northern Ireland,15,27.3,,5,55,480,5.3,6,,,6,0,,0,0,,,,,,,1.13,,,1.13,,,,,,,/en/squads/16944ae1/1958/Northern-Ireland-Men-Stats
INT-World Cup,1958,Paraguay,13,23.9,,3,33,270,3.0,9,,,8,1,,0,0,,,,,,,3.0,,,2.67,,,,,,,/en/squads/d2043442/1958/Paraguay-Men-Stats
INT-World Cup,1958,Scotland,17,27.8,,3,33,270,3.0,4,,,4,0,,0,0,,,,,,,1.33,,,1.33,,,,,,,/en/squads/602d3994/1958/Scotland-Men-Stats
INT-World Cup,1958,Soviet Union,14,28.1,,6,55,450,5.0,5,,,5,0,,0,0,,,,,,,1.0,,,1.0,,,,,,,/en/squads/eb70026e/1958/Soviet-Union-Men-Stats
INT-World Cup,1958,Sweden,16,29.5,,6,66,540,6.0,12,,,11,1,,0,0,,,,,,,2.0,,,1.83,,,,,,,/en/squads/296f69e7/1958/Sweden-Men-Stats
INT-World Cup,1958,Wales,14,26.2,,5,55,450,5.0,4,,,4,0,,0,0,,,,,,,0.8,,,0.8,,,,,,,/en/squads/b1bbcad3/1958/Wales-Men-Stats
INT-World Cup,1958,West Germany,18,27.6,,6,66,540,6.0,12,,,12,0,,0,1,,,,,,,2.0,,,2.0,,,,,,,/en/squads/c1e40422/1958/West-Germany-Men-Stats
INT-World Cup,1958,Yugoslavia,14,26.8,,4,44,360,4.0,7,,,7,0,,0,0,,,,,,,1.75,,,1.75,,,,,,,/en/squads/7dc9f983/1958/Yugoslavia-Men-Stats
INT-World Cup,1962,Argentina,19,25.5,,3,33,270,3.0,2,,,2,0,,1,0,,,,,,,0.67,,,0.67,,,,,,,/en/squads/f9fddd6e/1962/Argentina-Men-Stats
INT-World Cup,1962,Brazil,12,30.3,,6,66,540,6.0,14,,,14,0,,0,1,,,,,,,2.33,,,2.33,,,,,,,/en/squads/304635c3/1962/Brazil-Men-Stats
INT-World Cup,1962,Bulgaria,17,25.3,,3,33,270,3.0,1,,,1,0,,0,0,,,,,,,0.33,,,0.33,,,,,,,/en/squads/06d209d4/1962/Bulgaria-Men-Stats
INT-World Cup,1962,Chile,17,25.8,,6,66,540,6.0,10,,,9,1,,0,1,,,,,,,1.67,,,1.5,,,,,,,/en/squads/7fd9c2a2/1962/Chile-Men-Stats
INT-World Cup,1962,Colombia,15,26.0,,3,33,270,3.0,5,,,4,1,,0,0,,,,,,,1.67,,,1.33,,,,,,,/en/squads/ab73cfe5/1962/Colombia-Men-Stats
INT-World Cup,1962,Czechoslovakia,15,26.5,,6,66,540,6.0,7,,,6,1,,0,0,,,,,,,1.17,,,1.0,,,,,,,/en/squads/969248b8/1962/Czechoslovakia-Men-Stats
INT-World Cup,1962,England,12,25.7,,4,44,360,4.0,5,,,3,2,,0,0,,,,,,,1.25,,,0.75,,,,,,,/en/squads/1862c019/1962/England-Men-Stats
INT-World Cup,1962,Hungary,15,26.0,,4,44,360,4.0,8,,,8,0,,0,0,,,,,,,2.0,,,2.0,,,,,,,/en/squads/b4ac5e97/1962/Hungary-Men-Stats
INT-World Cup,1962,Italy,20,25.4,,3,33,270,3.0,3,,,3,0,,0,2,,,,,,,1.0,,,1.0,,,,,,,/en/squads/998c5958/1962/Italy-Men-Stats
INT-World Cup,1962,Mexico,13,27.7,,3,33,270,3.0,3,,,2,1,,0,0,,,,,,,1.0,,,0.67,,,,,,,/en/squads/b009a548/1962/Mexico-Men-Stats
INT-World Cup,1962,Soviet Union,15,26.9,,4,44,360,4.0,9,,,9,0,,0,0,,,,,,,2.25,,,2.25,,,,,,,/en/squads/eb70026e/1962/Soviet-Union-Men-Stats
INT-World Cup,1962,Spain,20,28.2,,3,33,270,3.0,2,,,2,0,,0,0,,,,,,,0.67,,,0.67,,,,,,,/en/squads/b561dd30/1962/Spain-Men-Stats
INT-World Cup,1962,Switzerland,14,27.5,,3,33,270,3.0,2,,,2,0,,0,0,,,,,,,0.67,,,0.67,,,,,,,/en/squads/81021a70/1962/Switzerland-Men-Stats
INT-World Cup,1962,Uruguay,14,24.4,,3,33,270,3.0,4,,,4,0,,0,1,,,,,,,1.33,,,1.33,,,,,,,/en/squads/870e020f/1962/Uruguay-Men-Stats
INT-World Cup,1962,West Germany,14,25.8,,4,44,360,4.0,4,,,3,1,,0,0,,,,,,,1.0,,,0.75,,,,,,,/en/squads/c1e40422/1962/West-Germany-Men-Stats
INT-World Cup,1962,Yugoslavia,17,24.2,,6,66,540,6.0,10,,,9,1,,0,1,,,,,,,1.67,,,1.5,,,,,,,/en/squads/7dc9f983/1962/Yugoslavia-Men-Stats
INT-World Cup,1966,Argentina,12,26.1,,4,44,360,4.0,4,,,4,0,,3,2,,,,,,,1.0,,,1.0,,,,,,,/en/squads/f9fddd6e/1966/Argentina-Men-Stats
INT-World Cup,1966,Brazil,20,26.7,,3,33,270,3.0,4,,,4,0,,1,0,,,,,,,1.33,,,1.33,,,,,,,/en/squads/304635c3/1966/Brazil-Men-Stats
INT-World Cup,1966,Bulgaria,17,25.4,,3,33,270,3.0,1,,,1,0,,3,0,,,,,,,0.33,,,0.33,,,,,,,/en/squads/06d209d4/1966/Bulgaria-Men-Stats
INT-World Cup,1966,Chile,14,24.8,,3,33,270,3.0,2,,,1,1,,1,0,,,,,,,0.67,,,0.33,,,,,,,/en/squads/7fd9c2a2/1966/Chile-Men-Stats
INT-World Cup,1966,England,15,26.4,,6,66,570,6.3,11,,,11,0,,2,0,,,,,,,1.74,,,1.74,,,,,,,/en/squads/1862c019/1966/England-Men-Stats
INT-World Cup,1966,France,14,25.6,,3,33,270,3.0,2,,,1,1,,0,0,,,,,,,0.67,,,0.33,,,,,,,/en/squads/b1b36dcd/1966/France-Men-Stats
INT-World Cup,1966,Hungary,14,25.9,,4,44,360,4.0,7,,,6,1,,0,0,,,,,,,1.75,,,1.5,,,,,,,/en/squads/b4ac5e97/1966/Hungary-Men-Stats
INT-World Cup,1966,Italy,18,25.3,,3,33,270,3.0,2,,,2,0,,0,0,,,,,,,0.67,,,0.67,,,,,,,/en/squads/998c5958/1966/Italy-Men-Stats
INT-World Cup,1966,Korea DPR,16,22.3,,4,44,360,4.0,5,,,5,0,,0,0,,,,,,,1.25,,,1.25,,,,,,,/en/squads/42c4106c/1966/Korea-DPR-Men-Stats
INT-World Cup,1966,Mexico,15,25.2,,3,33,270,3.0,1,,,1,0,,0,0,,,,,,,0.33,,,0.33,,,,,,,/en/squads/b009a548/1966/Mexico-Men-Stats
INT-World Cup,1966,Portugal,15,27.3,,6,66,540,6.0,16,,,12,4,,2,0,,,,,,,2.67,,,2.0,,,,,,,/en/squads/4a1b4ea8/1966/Portugal-Men-Stats
INT-World Cup,1966,Soviet Union,21,25.8,,6,66,540,6.0,10,,,10,0,,3,1,,,,,,,1.67,,,1.67,,,,,,,/en/squads/eb70026e/1966/Soviet-Union-Men-Stats
INT-World Cup,1966,Spain,18,26.4,,3,33,270,3.0,4,,,4,0,,1,0,,,,,,,1.33,,,1.33,,,,,,,/en/squads/b561dd30/1966/Spain-Men-Stats
INT-World Cup,1966,Switzerland,19,27.2,,3,33,270,3.0,1,,,1,0,,0,0,,,,,,,0.33,,,0.33,,,,,,,/en/squads/81021a70/1966/Switzerland-Men-Stats
INT-World Cup,1966,Uruguay,13,26.5,,4,44,360,4.0,2,,,2,0,,1,2,,,,,,,0.5,,,0.5,,,,,,,/en/squads/870e020f/1966/Uruguay-Men-Stats
INT-World Cup,1966,West Germany,14,25.2,,6,66,570,6.3,15,,,14,1,,4,0,,,,,,,2.37,,,2.21,,,,,,,/en/squads/c1e40422/1966/West-Germany-Men-Stats
INT-World Cup,1970,Belgium,13,25.9,,3,33,270,3.0,4,,,3,1,,2,0,,,,,,,1.33,,,1.0,,,,,,,/en/squads/361422b9/1970/Belgium-Men-Stats
INT-World Cup,1970,Brazil,16,26.1,,6,66,540,6.0,19,,,19,0,,4,0,,,,,,,3.17,,,3.17,,,,,,,/en/squads/304635c3/1970/Brazil-Men-Stats
INT-World Cup,1970,Bulgaria,20,26.2,,3,33,270,3.0,5,,,5,0,,0,0,,,,,,,1.67,,,1.67,,,,,,,/en/squads/06d209d4/1970/Bulgaria-Men-Stats
INT-World Cup,1970,Czechoslovakia,19,25.6,,3,33,270,3.0,2,,,2,0,,3,0,,,,,,,0.67,,,0.67,,,,,,,/en/squads/969248b8/1970/Czechoslovakia-Men-Stats
INT-World Cup,1970,El Salvador,17,25.5,,3,33,270,3.0,0,,,0,0,,4,0,,,,,,,0.0,,,0.0,,,,,,,/en/squads/fc3dbeaa/1970/El-Salvador-Men-Stats
INT-World Cup,1970,England,19,27.8,,4,44,390,4.3,4,,,3,1,,2,0,,,,,,,0.92,,,0.69,,,,,,,/en/squads/1862c019/1970/England-Men-Stats
INT-World Cup,1970,Israel,15,23.5,,3,33,270,3.0,1,,,1,0,,4,0,,,,,,,0.33,,,0.33,,,,,,,/en/squads/b36227ec/1970/Israel-Men-Stats
INT-World Cup,1970,Italy,17,27.6,,6,66,570,6.3,9,,,9,0,,6,0,,,,,,,1.42,,,1.42,,,,,,,/en/squads/998c5958/1970/Italy-Men-Stats
INT-World Cup,1970,Mexico,17,28.3,,4,44,360,4.0,6,,,5,1,,3,0,,,,,,,1.5,,,1.25,,,,,,,/en/squads/b009a548/1970/Mexico-Men-Stats
INT-World Cup,1970,Morocco,17,24.7,,3,39,270,3.0,2,,,2,0,,0,0,,,,,,,0.67,,,0.67,,,,,,,/en/squads/af41ccda/1970/Morocco-Men-Stats
INT-World Cup,1970,Peru,18,25.6,,4,44,360,4.0,9,,,9,0,,0,0,,,,,,,2.25,,,2.25,,,,,,,/en/squads/f711c854/1970/Peru-Men-Stats
INT-World Cup,1970,Romania,14,24.5,,3,33,270,3.0,4,,,3,1,,3,0,,,,,,,1.33,,,1.0,,,,,,,/en/squads/7def9493/1970/Romania-Men-Stats
INT-World Cup,1970,Soviet Union,17,26.2,,4,44,390,4.3,6,,,6,0,,6,0,,,,,,,1.38,,,1.38,,,,,,,/en/squads/eb70026e/1970/Soviet-Union-Men-Stats
INT-World Cup,1970,Sweden,19,26.7,,3,33,270,3.0,2,,,2,0,,2,0,,,,,,,0.67,,,0.67,,,,,,,/en/squads/296f69e7/1970/Sweden-Men-Stats
INT-World Cup,1970,Uruguay,18,26.1,,6,66,570,6.3,4,,,4,0,,7,0,,,,,,,0.63,,,0.63,,,,,,,/en/squads/870e020f/1970/Uruguay-Men-Stats
INT-World Cup,1970,West Germany,19,26.9,,6,66,600,6.7,17,,,16,1,,5,0,,,,,,,2.55,,,2.4,,,,,,,/en/squads/c1e40422/1970/West-Germany-Men-Stats
INT-World Cup,1974,Argentina,19,25.5,,6,66,540,6.0,9,,,9,0,,8,0,,,,,,,1.5,,,1.5,,,,,,,/en/squads/f9fddd6e/1974/Argentina-Men-Stats
INT-World Cup,1974,Australia,15,27.7,,3,33,270,3.0,0,,,0,0,,2,1,,,,,,,0.0,,,0.0,,,,,,,/en/squads/b90bf4f9/1974/Australia-Men-Stats
INT-World Cup,1974,Brazil,18,25.6,,7,77,630,7.0,6,,,6,0,,11,1,,,,,,,0.86,,,0.86,,,,,,,/en/squads/304635c3/1974/Brazil-Men-Stats
INT-World Cup,1974,Bulgaria,16,25.0,,3,33,270,3.0,1,,,1,0,,2,0,,,,,,,0.33,,,0.33,,,,,,,/en/squads/06d209d4/1974/Bulgaria-Men-Stats
INT-World Cup,1974,Chile,16,28.2,,3,33,270,3.0,1,,,1,0,,5,1,,,,,,,0.33,,,0.33,,,,,,,/en/squads/7fd9c2a2/1974/Chile-Men-Stats
INT-World Cup,1974,Germany DR,19,25.0,,6,66,540,6.0,4,,,4,0,,10,0,,,,,,,0.67,,,0.67,,,,,,,/en/squads/65113c43/Germany-DR-Men-Stats
INT-World Cup,1974,Haiti,19,25.7,,3,33,270,3.0,2,,,2,0,,3,0,,,,,,,0.67,,,0.67,,,,,,,/en/squads/61828292/1974/Haiti-Men-Stats
INT-World Cup,1974,Italy,15,29.1,,3,33,270,3.0,4,,,4,0,,2,0,,,,,,,1.33,,,1.33,,,,,,,/en/squads/998c5958/1974/Italy-Men-Stats
INT-World Cup,1974,Netherlands,15,26.4,,7,77,630,7.0,15,,,12,3,,11,0,,,,,,,2.14,,,1.71,,,,,,,/en/squads/5bb5024a/1974/Netherlands-Men-Stats
INT-World Cup,1974,Poland,16,25.1,,7,77,630,7.0,16,,,15,1,,5,0,,,,,,,2.29,,,2.14,,,,,,,/en/squads/8912dcf0/1974/Poland-Men-Stats
INT-World Cup,1974,Scotland,14,25.8,,3,33,270,3.0,3,,,3,0,,3,0,,,,,,,1.0,,,1.0,,,,,,,/en/squads/602d3994/1974/Scotland-Men-Stats
INT-World Cup,1974,Sweden,18,27.0,,6,66,540,6.0,7,,,7,0,,5,0,,,,,,,1.17,,,1.17,,,,,,,/en/squads/296f69e7/1974/Sweden-Men-Stats
INT-World Cup,1974,Uruguay,15,27.4,,3,33,270,3.0,1,,,1,0,,5,1,,,,,,,0.33,,,0.33,,,,,,,/en/squads/870e020f/1974/Uruguay-Men-Stats
INT-World Cup,1974,West Germany,18,26.8,,7,77,630,7.0,13,,,11,2,,3,0,,,,,,,1.86,,,1.57,,,,,,,/en/squads/c1e40422/1974/West-Germany-Men-Stats
INT-World Cup,1974,Yugoslavia,18,25.4,,6,66,540,6.0,12,,,12,0,,10,0,,,,,,,2.0,,,2.0,,,,,,,/en/squads/7dc9f983/1974/Yugoslavia-Men-Stats
INT-World Cup,1974,Zaire,16,25.6,,3,33,270,3.0,0,,,0,0,,2,1,,,,,,,0.0,,,0.0,,,,,,,/en/squads/9be9f315/1974/Zaire-Men-Stats
INT-World Cup,1978,Argentina,17,25.3,,7,77,660,7.3,15,,,14,1,,5,0,,,,,,,2.05,,,1.91,,,,,,,/en/squads/f9fddd6e/1978/Argentina-Men-Stats
INT-World Cup,1978,Austria,17,26.8,,6,66,540,6.0,6,,,5,1,,2,0,,,,,,,1.0,,,0.83,,,,,,,/en/squads/d5121f10/1978/Austria-Men-Stats
INT-World Cup,1978,Brazil,17,25.3,,7,77,630,7.0,10,,,9,1,,9,0,,,,,,,1.43,,,1.29,,,,,,,/en/squads/304635c3/1978/Brazil-Men-Stats
INT-World Cup,1978,France,22,25.5,,3,33,270,3.0,5,,,5,0,,3,0,,,,,,,1.67,,,1.67,,,,,,,/en/squads/b1b36dcd/1978/France-Men-Stats
INT-World Cup,1978,Hungary,18,28.9,,3,33,270,3.0,3,,,2,1,,4,2,,,,,,,1.0,,,0.67,,,,,,,/en/squads/b4ac5e97/1978/Hungary-Men-Stats
INT-World Cup,1978,IR Iran,15,25.7,,3,33,270,3.0,2,,,2,0,,3,0,,,,,,,0.67,,,0.67,,,,,,,/en/squads/6a08f71e/1978/IR-Iran-Men-Stats
INT-World Cup,1978,Italy,17,26.4,,7,77,630,7.0,8,,,8,0,,6,0,,,,,,,1.14,,,1.14,,,,,,,/en/squads/998c5958/1978/Italy-Men-Stats
INT-World Cup,1978,Mexico,19,23.5,,3,33,270,3.0,2,,,1,1,,1,0,,,,,,,0.67,,,0.33,,,,,,,/en/squads/b009a548/1978/Mexico-Men-Stats
INT-World Cup,1978,Netherlands,19,27.9,,7,77,660,7.3,15,,,11,4,,8,1,,,,,,,2.05,,,1.5,,,,,,,/en/squads/5bb5024a/1978/Netherlands-Men-Stats
INT-World Cup,1978,Peru,18,27.6,,6,66,540,6.0,7,,,5,2,,7,0,,,,,,,1.17,,,0.83,,,,,,,/en/squads/f711c854/1978/Peru-Men-Stats
INT-World Cup,1978,Poland,17,27.0,,6,66,540,6.0,6,,,6,0,,3,0,,,,,,,1.0,,,1.0,,,,,,,/en/squads/8912dcf0/1978/Poland-Men-Stats
INT-World Cup,1978,Scotland,18,27.5,,3,33,270,3.0,4,,,3,1,,1,0,,,,,,,1.33,,,1.0,,,,,,,/en/squads/602d3994/1978/Scotland-Men-Stats
INT-World Cup,1978,Spain,19,26.5,,3,33,270,3.0,2,,,2,0,,1,0,,,,,,,0.67,,,0.67,,,,,,,/en/squads/b561dd30/1978/Spain-Men-Stats
INT-World Cup,1978,Sweden,15,27.6,,3,33,270,3.0,1,,,1,0,,1,0,,,,,,,0.33,,,0.33,,,,,,,/en/squads/296f69e7/1978/Sweden-Men-Stats
INT-World Cup,1978,Tunisia,14,25.4,,3,33,270,3.0,3,,,3,0,,1,0,,,,,,,1.0,,,1.0,,,,,,,/en/squads/a7c7562a/1978/Tunisia-Men-Stats
INT-World Cup,1978,West Germany,16,27.4,,6,66,540,6.0,10,,,10,0,,4,0,,,,,,,1.67,,,1.67,,,,,,,/en/squads/c1e40422/1978/West-Germany-Men-Stats
INT-World Cup,1982,Algeria,16,26.6,,3,33,270,3.0,5,,,5,0,,2,0,,,,,,,1.67,,,1.67,,,,,,,/en/squads/1e2dba57/1982/Algeria-Men-Stats
INT-World Cup,1982,Argentina,16,27.5,,5,55,450,5.0,8,,,7,1,,7,2,,,,,,,1.6,,,1.4,,,,,,,/en/squads/f9fddd6e/1982/Argentina-Men-Stats
INT-World Cup,1982,Austria,18,27.5,,5,55,450,5.0,5,,,5,0,,6,0,,,,,,,1.0,,,1.0,,,,,,,/en/squads/d5121f10/1982/Austria-Men-Stats
INT-World Cup,1982,Belgium,20,26.6,,5,55,450,5.0,3,,,3,0,,3,0,,,,,,,0.6,,,0.6,,,,,,,/en/squads/361422b9/1982/Belgium-Men-Stats
INT-World Cup,1982,Brazil,16,27.1,,5,55,450,5.0,15,,,15,0,,2,0,,,,,,,3.0,,,3.0,,,,,,,/en/squads/304635c3/1982/Brazil-Men-Stats
INT-World Cup,1982,Cameroon,13,28.1,,3,33,270,3.0,1,,,1,0,,4,0,,,,,,,0.33,,,0.33,,,,,,,/en/squads/896550da/1982/Cameroon-Men-Stats
INT-World Cup,1982,Chile,16,27.8,,3,33,270,3.0,3,,,2,1,,4,0,,,,,,,1.0,,,0.67,,,,,,,/en/squads/7fd9c2a2/1982/Chile-Men-Stats
INT-World Cup,1982,Czechoslovakia,20,27.9,,3,33,270,3.0,2,,,0,2,,2,1,,,,,,,0.67,,,0.0,,,,,,,/en/squads/969248b8/1982/Czechoslovakia-Men-Stats
INT-World Cup,1982,El Salvador,16,26.1,,3,33,270,3.0,1,,,1,0,,5,0,,,,,,,0.33,,,0.33,,,,,,,/en/squads/fc3dbeaa/1982/El-Salvador-Men-Stats
INT-World Cup,1982,England,17,27.3,,5,55,450,5.0,5,,,5,0,,3,0,,,,,,,1.0,,,1.0,,,,,,,/en/squads/1862c019/1982/England-Men-Stats
INT-World Cup,1982,France,21,27.0,,7,77,660,7.3,16,,,15,1,,6,0,,,,,,,2.18,,,2.05,,,,,,,/en/squads/b1b36dcd/1982/France-Men-Stats
INT-World Cup,1982,Honduras,16,26.8,,3,33,270,3.0,2,,,2,0,,1,1,,,,,,,0.67,,,0.67,,,,,,,/en/squads/a1f66233/1982/Honduras-Men-Stats
INT-World Cup,1982,Hungary,17,29.4,,3,33,270,3.0,12,,,12,0,,2,0,,,,,,,4.0,,,4.0,,,,,,,/en/squads/b4ac5e97/1982/Hungary-Men-Stats
INT-World Cup,1982,Italy,15,28.1,,7,77,630,7.0,12,,,12,0,,11,0,,,,,,,1.71,,,1.71,,,,,,,/en/squads/998c5958/1982/Italy-Men-Stats
INT-World Cup,1982,Kuwait,14,26.5,,3,33,270,3.0,2,,,2,0,,3,0,,,,,,,0.67,,,0.67,,,,,,,/en/squads/064dedda/1982/Kuwait-Men-Stats
INT-World Cup,1982,New Zealand,15,25.4,,3,33,270,3.0,2,,,2,0,,0,0,,,,,,,0.67,,,0.67,,,,,,,/en/squads/259855f0/1982/New-Zealand-Men-Stats
INT-World Cup,1982,Northern Ireland,17,27.4,,5,55,450,5.0,5,,,5,0,,4,1,,,,,,,1.0,,,1.0,,,,,,,/en/squads/16944ae1/1982/Northern-Ireland-Men-Stats
INT-World Cup,1982,Peru,13,29.2,,3,33,270,3.0,2,,,2,0,,2,0,,,,,,,0.67,,,0.67,,,,,,,/en/squads/f711c854/1982/Peru-Men-Stats
INT-World Cup,1982,Poland,18,26.3,,7,77,630,7.0,11,,,11,0,,10,0,,,,,,,1.57,,,1.57,,,,,,,/en/squads/8912dcf0/1982/Poland-Men-Stats
INT-World Cup,1982,Scotland,17,27.3,,3,33,270,3.0,8,,,8,0,,1,0,,,,,,,2.67,,,2.67,,,,,,,/en/squads/602d3994/1982/Scotland-Men-Stats
INT-World Cup,1982,Soviet Union,16,25.5,,5,55,450,5.0,7,,,7,0,,4,0,,,,,,,1.4,,,1.4,,,,,,,/en/squads/eb70026e/1982/Soviet-Union-Men-Stats
INT-World Cup,1982,Spain,19,26.7,,5,55,450,5.0,4,,,2,2,,6,0,,,,,,,0.8,,,0.4,,,,,,,/en/squads/b561dd30/1982/Spain-Men-Stats
INT-World Cup,1982,West Germany,16,27.1,,7,77,660,7.3,12,,,12,0,,8,0,,,,,,,1.64,,,1.64,,,,,,,/en/squads/c1e40422/1982/West-Germany-Men-Stats
INT-World Cup,1982,Yugoslavia,14,26.8,,3,33,270,3.0,2,,,1,1,,3,0,,,,,,,0.67,,,0.33,,,,,,,/en/squads/7dc9f983/1982/Yugoslavia-Men-Stats
INT-World Cup,1986,Algeria,17,28.4,,3,33,270,3.0,1,,,1,0,,2,0,,,,,,,0.33,,,0.33,,,,,,,/en/squads/1e2dba57/1986/Algeria-Men-Stats
INT-World Cup,1986,Argentina,18,26.4,,7,77,630,7.0,14,,,14,0,,12,0,,,,,,,2.0,,,2.0,,,,,,,/en/squads/f9fddd6e/1986/Argentina-Men-Stats
INT-World Cup,1986,Belgium,20,26.7,,7,77,720,8.0,12,,,11,1,,8,0,,,,,,,1.5,,,1.37,,,,,,,/en/squads/361422b9/1986/Belgium-Men-Stats
INT-World Cup,1986,Brazil,16,26.5,,5,55,480,5.3,10,,,8,2,,3,0,,,,,,,1.87,,,1.5,,,,,,,/en/squads/304635c3/1986/Brazil-Men-Stats
INT-World Cup,1986,Bulgaria,18,26.5,,4,44,360,4.0,2,,,2,0,,3,0,,,,,,,0.5,,,0.5,,,,,,,/en/squads/06d209d4/1986/Bulgaria-Men-Stats
INT-World Cup,1986,Canada,17,26.1,,3,33,270,3.0,0,,,0,0,,2,1,,,,,,,0.0,,,0.0,,,,,,,/en/squads/9c6d90a0/1986/Canada-Men-Stats
INT-World Cup,1986,Denmark,17,28.1,,4,44,360,4.0,10,,,8,2,,4,1,,,,,,,2.5,,,2.0,,,,,,,/en/squads/29a4e4af/1986/Denmark-Men-Stats
INT-World Cup,1986,England,19,26.8,,5,55,450,5.0,7,,,7,0,,8,1,,,,,,,1.4,,,1.4,,,,,,,/en/squads/1862c019/1986/England-Men-Stats
INT-World Cup,1986,France,21,27.9,,7,77,690,7.7,12,,,11,1,,6,0,,,,,,,1.57,,,1.43,,,,,,,/en/squads/b1b36dcd/1986/France-Men-Stats
INT-World Cup,1986,Hungary,17,27.5,,3,33,270,3.0,2,,,2,0,,0,0,,,,,,,0.67,,,0.67,,,,,,,/en/squads/b4ac5e97/1986/Hungary-Men-Stats
INT-World Cup,1986,Iraq,18,26.6,,3,33,270,3.0,1,,,1,0,,10,2,,,,,,,0.33,,,0.33,,,,,,,/en/squads/ec843efd/1986/Iraq-Men-Stats
INT-World Cup,1986,Italy,14,27.3,,4,44,360,4.0,4,,,3,1,,8,0,,,,,,,1.0,,,0.75,,,,,,,/en/squads/998c5958/1986/Italy-Men-Stats
INT-World Cup,1986,Korea Republic,17,27.3,,3,33,270,3.0,4,,,4,0,,7,0,,,,,,,1.33,,,1.33,,,,,,,/en/squads/473f0fbf/1986/Korea-Republic-Men-Stats
INT-World Cup,1986,Mexico,16,26.6,,5,55,480,5.3,6,,,6,0,,10,1,,,,,,,1.13,,,1.13,,,,,,,/en/squads/b009a548/1986/Mexico-Men-Stats
INT-World Cup,1986,Morocco,14,27.9,,4,44,360,4.0,3,,,3,0,,5,0,,,,,,,0.75,,,0.75,,,,,,,/en/squads/af41ccda/1986/Morocco-Men-Stats
INT-World Cup,1986,Northern Ireland,15,27.5,,3,33,270,3.0,2,,,2,0,,5,0,,,,,,,0.67,,,0.67,,,,,,,/en/squads/16944ae1/1986/Northern-Ireland-Men-Stats
INT-World Cup,1986,Paraguay,13,26.4,,4,44,360,4.0,4,,,4,0,,5,0,,,,,,,1.0,,,1.0,,,,,,,/en/squads/d2043442/1986/Paraguay-Men-Stats
INT-World Cup,1986,Poland,19,27.3,,4,44,360,4.0,1,,,1,0,,5,0,,,,,,,0.25,,,0.25,,,,,,,/en/squads/8912dcf0/1986/Poland-Men-Stats
INT-World Cup,1986,Portugal,16,28.4,,3,33,270,3.0,2,,,2,0,,2,0,,,,,,,0.67,,,0.67,,,,,,,/en/squads/4a1b4ea8/1986/Portugal-Men-Stats
INT-World Cup,1986,Scotland,19,27.3,,3,33,270,3.0,1,,,1,0,,5,0,,,,,,,0.33,,,0.33,,,,,,,/en/squads/602d3994/1986/Scotland-Men-Stats
INT-World Cup,1986,Soviet Union,20,25.6,,4,44,390,4.3,11,,,9,2,,2,0,,,,,,,2.54,,,2.08,,,,,,,/en/squads/eb70026e/1986/Soviet-Union-Men-Stats
INT-World Cup,1986,Spain,17,26.0,,5,55,480,5.3,11,,,9,2,,8,0,,,,,,,2.06,,,1.69,,,,,,,/en/squads/b561dd30/1986/Spain-Men-Stats
INT-World Cup,1986,Uruguay,18,26.2,,4,44,360,4.0,2,,,1,1,,11,2,,,,,,,0.5,,,0.25,,,,,,,/en/squads/870e020f/1986/Uruguay-Men-Stats
INT-World Cup,1986,West Germany,17,28.5,,7,77,660,7.3,8,,,8,0,,8,1,,,,,,,1.09,,,1.09,,,,,,,/en/squads/c1e40422/1986/West-Germany-Men-Stats
INT-World Cup,1990,Argentina,20,27.5,,7,77,690,7.7,5,,,5,0,,24,4,,,,,,,0.65,,,0.65,,,,,,,/en/squads/f9fddd6e/1990/Argentina-Men-Stats
INT-World Cup,1990,Austria,17,25.0,,3,33,270,3.0,2,,,2,0,,9,1,,,,,,,0.67,,,0.67,,,,,,,/en/squads/d5121f10/1990/Austria-Men-Stats
INT-World Cup,1990,Belgium,18,28.0,,4,44,390,4.3,6,,,6,0,,2,2,,,,,,,1.38,,,1.38,,,,,,,/en/squads/361422b9/1990/Belgium-Men-Stats
INT-World Cup,1990,Brazil,16,26.4,,4,44,360,4.0,4,,,4,0,,7,1,,,,,,,1.0,,,1.0,,,,,,,/en/squads/304635c3/1990/Brazil-Men-Stats
INT-World Cup,1990,Cameroon,18,27.1,,5,55,510,5.7,7,,,6,1,,14,2,,,,,,,1.24,,,1.06,,,,,,,/en/squads/896550da/1990/Cameroon-Men-Stats
INT-World Cup,1990,Colombia,14,26.9,,4,44,390,4.3,4,,,4,0,,5,0,,,,,,,0.92,,,0.92,,,,,,,/en/squads/ab73cfe5/1990/Colombia-Men-Stats
INT-World Cup,1990,Costa Rica,16,27.5,,4,44,360,4.0,4,,,4,0,,6,0,,,,,,,1.0,,,1.0,,,,,,,/en/squads/1ea5ab66/1990/Costa-Rica-Men-Stats
INT-World Cup,1990,Czechoslovakia,17,27.1,,5,55,450,5.0,10,,,8,2,,13,1,,,,,,,2.0,,,1.6,,,,,,,/en/squads/969248b8/Czechoslovakia-Men-Stats
INT-World Cup,1990,Egypt,16,26.4,,3,33,270,3.0,1,,,0,1,,4,0,,,,,,,0.33,,,0.0,,,,,,,/en/squads/b8889750/1990/Egypt-Men-Stats
INT-World Cup,1990,England,19,28.1,,7,77,720,8.0,8,,,6,2,,6,0,,,,,,,1.0,,,0.75,,,,,,,/en/squads/1862c019/1990/England-Men-Stats
INT-World Cup,1990,Italy,18,26.4,,7,77,660,7.3,10,,,9,1,,6,0,,,,,,,1.36,,,1.23,,,,,,,/en/squads/998c5958/1990/Italy-Men-Stats
INT-World Cup,1990,Korea Republic,19,26.9,,3,33,270,3.0,1,,,1,0,,6,1,,,,,,,0.33,,,0.33,,,,,,,/en/squads/473f0fbf/1990/Korea-Republic-Men-Stats
INT-World Cup,1990,Netherlands,18,27.7,,4,44,360,4.0,3,,,2,1,,5,1,,,,,,,0.75,,,0.5,,,,,,,/en/squads/5bb5024a/1990/Netherlands-Men-Stats
INT-World Cup,1990,Rep. of Ireland,16,28.3,,5,55,480,5.3,2,,,2,0,,4,0,,,,,,,0.37,,,0.37,,,,,,,/en/squads/62e09cb6/1990/Republic-of-Ireland-Men-Stats
INT-World Cup,1990,Romania,16,26.1,,4,44,390,4.3,4,,,3,1,,7,0,,,,,,,0.92,,,0.69,,,,,,,/en/squads/7def9493/1990/Romania-Men-Stats
INT-World Cup,1990,Scotland,18,28.0,,3,33,270,3.0,2,,,1,1,,3,0,,,,,,,0.67,,,0.33,,,,,,,/en/squads/602d3994/1990/Scotland-Men-Stats
INT-World Cup,1990,Soviet Union,18,27.7,,3,33,270,3.0,4,,,4,0,,3,1,,,,,,,1.33,,,1.33,,,,,,,/en/squads/eb70026e/Soviet-Union-Men-Stats
INT-World Cup,1990,Spain,18,26.6,,4,44,390,4.3,6,,,5,1,,4,0,,,,,,,1.38,,,1.15,,,,,,,/en/squads/b561dd30/1990/Spain-Men-Stats
INT-World Cup,1990,Sweden,17,25.3,,3,33,270,3.0,3,,,3,0,,4,0,,,,,,,1.0,,,1.0,,,,,,,/en/squads/296f69e7/1990/Sweden-Men-Stats
INT-World Cup,1990,UAE,16,24.0,,3,33,270,3.0,2,,,2,0,,7,2,,,,,,,0.67,,,0.67,,,,,,,/en/squads/78cdba77/1990/United-Arab-Emirates-Men-Stats
INT-World Cup,1990,United States,16,23.7,,3,33,270,3.0,2,,,2,0,,7,1,,,,,,,0.67,,,0.67,,,,,,,/en/squads/0f66725b/1990/United-States-Men-Stats
INT-World Cup,1990,Uruguay,18,26.9,,4,44,360,4.0,2,,,2,0,,9,0,,,,,,,0.5,,,0.5,,,,,,,/en/squads/870e020f/1990/Uruguay-Men-Stats
INT-World Cup,1990,West Germany,17,27.1,,7,77,660,7.3,15,,,13,2,,8,1,,,,,,,2.05,,,1.77,,,,,,,/en/squads/c1e40422/1990/West-Germany-Men-Stats
INT-World Cup,1990,Yugoslavia,17,27.9,,5,55,510,5.7,8,,,8,0,,8,1,,,,,,,1.41,,,1.41,,,,,,,/en/squads/7dc9f983/Yugoslavia-Men-Stats
INT-World Cup,1994,Argentina,17,26.7,,4,44,360,4.0,8,,,6,2,,9,0,,,,,,,2.0,,,1.5,,,,,,,/en/squads/f9fddd6e/1994/Argentina-Men-Stats
INT-World Cup,1994,Belgium,17,30.3,,4,44,360,4.0,4,,,4,0,,6,0,,,,,,,1.0,,,1.0,,,,,,,/en/squads/361422b9/1994/Belgium-Men-Stats
INT-World Cup,1994,Bolivia,18,28.6,,3,33,270,3.0,1,,,1,0,,8,3,,,,,,,0.33,,,0.33,,,,,,,/en/squads/1bd2760c/1994/Bolivia-Men-Stats
INT-World Cup,1994,Brazil,18,27.8,,7,77,660,7.3,11,,,10,1,,8,1,,,,,,,1.5,,,1.36,,,,,,,/en/squads/304635c3/1994/Brazil-Men-Stats
INT-World Cup,1994,Bulgaria,17,27.8,,7,77,660,7.3,10,,,7,3,,23,4,,,,,,,1.36,,,0.95,,,,,,,/en/squads/06d209d4/1994/Bulgaria-Men-Stats
INT-World Cup,1994,Cameroon,18,26.4,,3,33,270,3.0,3,,,3,0,,5,1,,,,,,,1.0,,,1.0,,,,,,,/en/squads/896550da/1994/Cameroon-Men-Stats
INT-World Cup,1994,Colombia,16,27.9,,3,33,270,3.0,4,,,4,0,,7,0,,,,,,,1.33,,,1.33,,,,,,,/en/squads/ab73cfe5/1994/Colombia-Men-Stats
INT-World Cup,1994,Germany,18,29.0,,5,55,450,5.0,9,,,8,1,,13,0,,,,,,,1.8,,,1.6,,,,,,,/en/squads/c1e40422/1994/Germany-Men-Stats
INT-World Cup,1994,Greece,22,28.7,,3,33,270,3.0,0,,,0,0,,8,0,,,,,,,0.0,,,0.0,,,,,,,/en/squads/811d90a4/1994/Greece-Men-Stats
INT-World Cup,1994,Italy,20,27.1,,7,77,690,7.7,8,,,7,1,,11,2,,,,,,,1.04,,,0.91,,,,,,,/en/squads/998c5958/1994/Italy-Men-Stats
INT-World Cup,1994,Korea Republic,16,26.9,,3,33,270,3.0,4,,,4,0,,6,0,,,,,,,1.33,,,1.33,,,,,,,/en/squads/473f0fbf/1994/Korea-Republic-Men-Stats
INT-World Cup,1994,Mexico,18,27.2,,4,44,390,4.3,4,,,3,1,,11,2,,,,,,,0.92,,,0.69,,,,,,,/en/squads/b009a548/1994/Mexico-Men-Stats
INT-World Cup,1994,Morocco,19,25.6,,3,33,270,3.0,2,,,2,0,,10,0,,,,,,,0.67,,,0.67,,,,,,,/en/squads/af41ccda/1994/Morocco-Men-Stats
INT-World Cup,1994,Netherlands,17,27.1,,5,55,450,5.0,8,,,8,0,,12,0,,,,,,,1.6,,,1.6,,,,,,,/en/squads/5bb5024a/1994/Netherlands-Men-Stats
INT-World Cup,1994,Nigeria,17,25.6,,4,44,390,4.3,7,,,7,0,,9,0,,,,,,,1.62,,,1.62,,,,,,,/en/squads/10abc743/1994/Nigeria-Men-Stats
INT-World Cup,1994,Norway,16,26.5,,3,33,270,3.0,1,,,1,0,,6,0,,,,,,,0.33,,,0.33,,,,,,,/en/squads/599eba19/1994/Norway-Men-Stats
INT-World Cup,1994,Rep. of Ireland,17,28.3,,4,44,360,4.0,2,,,2,0,,8,0,,,,,,,0.5,,,0.5,,,,,,,/en/squads/62e09cb6/1994/Republic-of-Ireland-Men-Stats
INT-World Cup,1994,Romania,17,25.8,,5,55,480,5.3,10,,,10,0,,12,1,,,,,,,1.87,,,1.87,,,,,,,/en/squads/7def9493/1994/Romania-Men-Stats
INT-World Cup,1994,Russia,22,25.5,,3,33,270,3.0,7,,,5,2,,9,2,,,,,,,2.33,,,1.67,,,,,,,/en/squads/21ced9fe/1994/Russia-Men-Stats
INT-World Cup,1994,Saudi Arabia,17,24.1,,4,44,360,4.0,5,,,4,1,,10,0,,,,,,,1.25,,,1.0,,,,,,,/en/squads/6e84edac/1994/Saudi-Arabia-Men-Stats
INT-World Cup,1994,Spain,20,26.1,,5,55,450,5.0,10,,,8,2,,13,1,,,,,,,2.0,,,1.6,,,,,,,/en/squads/b561dd30/1994/Spain-Men-Stats
INT-World Cup,1994,Sweden,18,26.2,,7,77,660,7.3,15,,,14,1,,14,3,,,,,,,2.05,,,1.91,,,,,,,/en/squads/296f69e7/1994/Sweden-Men-Stats
INT-World Cup,1994,Switzerland,17,27.7,,4,44,360,4.0,5,,,5,0,,8,0,,,,,,,1.25,,,1.25,,,,,,,/en/squads/81021a70/1994/Switzerland-Men-Stats
INT-World Cup,1994,United States,15,27.6,,4,44,360,4.0,2,,,2,0,,9,2,,,,,,,0.5,,,0.5,,,,,,,/en/squads/0f66725b/1994/United-States-Men-Stats
INT-World Cup,1998,Argentina,18,28.0,,5,55,480,5.3,10,7,17,8,2,2,12,1,,,,,,,1.87,1.31,3.19,1.5,2.81,,,,,,/en/squads/f9fddd6e/1998/Argentina-Men-Stats
INT-World Cup,1998,Austria,16,30.1,,3,33,270,3.0,3,2,5,2,1,1,6,0,,,,,,,1.0,0.67,1.67,0.67,1.33,,,,,,/en/squads/d5121f10/1998/Austria-Men-Stats
INT-World Cup,1998,Belgium,20,30.3,,3,33,270,3.0,3,1,4,3,0,0,4,1,,,,,,,1.0,0.33,1.33,1.0,1.33,,,,,,/en/squads/361422b9/1998/Belgium-Men-Stats
INT-World Cup,1998,Brazil,19,28.5,,7,77,660,7.3,13,12,25,12,1,1,12,0,,,,,,,1.77,1.64,3.41,1.64,3.27,,,,,,/en/squads/304635c3/1998/Brazil-Men-Stats
INT-World Cup,1998,Bulgaria,16,28.7,,3,33,270,3.0,1,1,2,1,0,0,8,1,,,,,,,0.33,0.33,0.67,0.33,0.67,,,,,,/en/squads/06d209d4/1998/Bulgaria-Men-Stats
INT-World Cup,1998,Cameroon,18,24.1,,3,33,270,3.0,2,1,3,2,0,0,6,3,,,,,,,0.67,0.33,1.0,0.67,1.0,,,,,,/en/squads/896550da/1998/Cameroon-Men-Stats
INT-World Cup,1998,Chile,18,26.8,,4,44,360,4.0,5,2,7,5,0,0,13,0,,,,,,,1.25,0.5,1.75,1.25,1.75,,,,,,/en/squads/7fd9c2a2/1998/Chile-Men-Stats
INT-World Cup,1998,Colombia,17,29.0,,3,33,270,3.0,1,1,2,1,0,0,5,0,,,,,,,0.33,0.33,0.67,0.33,0.67,,,,,,/en/squads/ab73cfe5/1998/Colombia-Men-Stats
INT-World Cup,1998,Croatia,16,29.1,,7,77,630,7.0,11,9,20,10,1,1,19,0,,,,,,,1.57,1.29,2.86,1.43,2.71,,,,,,/en/squads/7b08e376/1998/Croatia-Men-Stats
INT-World Cup,1998,Denmark,18,29.1,,5,55,450,5.0,9,6,15,8,1,1,12,2,,,,,,,1.8,1.2,3.0,1.6,2.8,,,,,,/en/squads/29a4e4af/1998/Denmark-Men-Stats
INT-World Cup,1998,England,17,27.2,,4,44,390,4.3,7,3,10,6,1,1,5,1,,,,,,,1.62,0.69,2.31,1.38,2.08,,,,,,/en/squads/1862c019/1998/England-Men-Stats
INT-World Cup,1998,France,20,27.1,,7,77,690,7.7,14,8,22,13,1,1,13,1,,,,,,,1.83,1.04,2.87,1.7,2.74,,,,,,/en/squads/b1b36dcd/1998/France-Men-Stats
INT-World Cup,1998,Germany,19,30.3,,5,55,450,5.0,7,5,12,7,0,0,12,0,,,,,,,1.4,1.0,2.4,1.4,2.4,,,,,,/en/squads/c1e40422/1998/Germany-Men-Stats
INT-World Cup,1998,IR Iran,16,26.9,,3,33,270,3.0,2,2,4,2,0,0,3,0,,,,,,,0.67,0.67,1.33,0.67,1.33,,,,,,/en/squads/6a08f71e/1998/IR-Iran-Men-Stats
INT-World Cup,1998,Italy,18,28.0,,5,55,480,5.3,8,6,14,7,1,1,11,0,,,,,,,1.5,1.13,2.62,1.31,2.44,,,,,,/en/squads/998c5958/1998/Italy-Men-Stats
INT-World Cup,1998,Jamaica,18,25.6,,3,33,270,3.0,3,2,5,3,0,0,6,1,,,,,,,1.0,0.67,1.67,1.0,1.67,,,,,,/en/squads/189bdbbd/1998/Jamaica-Men-Stats
INT-World Cup,1998,Japan,17,26.0,,3,33,270,3.0,1,1,2,1,0,0,7,0,,,,,,,0.33,0.33,0.67,0.33,0.67,,,,,,/en/squads/ffcf1690/1998/Japan-Men-Stats
INT-World Cup,1998,Korea Republic,19,26.4,,3,33,270,3.0,2,1,3,2,0,0,7,1,,,,,,,0.67,0.33,1.0,0.67,1.0,,,,,,/en/squads/473f0fbf/1998/Korea-Republic-Men-Stats
INT-World Cup,1998,Mexico,18,27.0,,4,44,360,4.0,8,5,13,7,1,1,10,2,,,,,,,2.0,1.25,3.25,1.75,3.0,,,,,,/en/squads/b009a548/1998/Mexico-Men-Stats
INT-World Cup,1998,Morocco,17,26.4,,3,33,270,3.0,5,5,10,5,0,0,4,0,,,,,,,1.67,1.67,3.33,1.67,3.33,,,,,,/en/squads/af41ccda/1998/Morocco-Men-Stats
INT-World Cup,1998,Netherlands,18,26.7,,7,77,660,7.3,13,12,25,13,0,0,11,2,,,,,,,1.77,1.64,3.41,1.77,3.41,,,,,,/en/squads/5bb5024a/1998/Netherlands-Men-Stats
INT-World Cup,1998,Nigeria,20,26.1,,4,44,360,4.0,5,3,8,5,0,0,8,0,,,,,,,1.25,0.75,2.0,1.25,2.0,,,,,,/en/squads/10abc743/1998/Nigeria-Men-Stats
INT-World Cup,1998,Norway,18,28.2,,4,44,360,4.0,4,2,6,3,1,1,7,0,,,,,,,1.0,0.5,1.5,0.75,1.25,,,,,,/en/squads/599eba19/1998/Norway-Men-Stats
INT-World Cup,1998,Paraguay,17,26.3,,4,44,390,4.3,3,3,6,3,0,0,8,0,,,,,,,0.69,0.69,1.38,0.69,1.38,,,,,,/en/squads/d2043442/1998/Paraguay-Men-Stats
INT-World Cup,1998,Romania,19,27.8,,4,44,360,4.0,4,2,6,4,0,0,10,0,,,,,,,1.0,0.5,1.5,1.0,1.5,,,,,,/en/squads/7def9493/1998/Romania-Men-Stats
INT-World Cup,1998,Saudi Arabia,18,25.2,,3,33,270,3.0,2,0,2,0,2,2,4,1,,,,,,,0.67,0.0,0.67,0.0,0.0,,,,,,/en/squads/6e84edac/1998/Saudi-Arabia-Men-Stats
INT-World Cup,1998,Scotland,16,30.6,,3,33,270,3.0,2,1,3,1,1,1,4,1,,,,,,,0.67,0.33,1.0,0.33,0.67,,,,,,/en/squads/602d3994/1998/Scotland-Men-Stats
INT-World Cup,1998,South Africa,17,26.0,,3,33,270,3.0,3,2,5,2,1,1,7,1,,,,,,,1.0,0.67,1.67,0.67,1.33,,,,,,/en/squads/506f1741/1998/South-Africa-Men-Stats
INT-World Cup,1998,Spain,19,27.6,,3,33,270,3.0,7,5,12,6,1,1,7,0,,,,,,,2.33,1.67,4.0,2.0,3.67,,,,,,/en/squads/b561dd30/1998/Spain-Men-Stats
INT-World Cup,1998,Tunisia,18,26.4,,3,33,270,3.0,1,0,1,0,1,1,8,0,,,,,,,0.33,0.0,0.33,0.0,0.0,,,,,,/en/squads/a7c7562a/1998/Tunisia-Men-Stats
INT-World Cup,1998,United States,19,28.0,,3,33,270,3.0,1,1,2,1,0,0,4,0,,,,,,,0.33,0.33,0.67,0.33,0.67,,,,,,/en/squads/0f66725b/1998/United-States-Men-Stats
INT-World Cup,1998,Yugoslavia,19,27.8,,4,44,360,4.0,5,0,5,5,0,0,7,0,,,,,,,1.25,0.0,1.25,1.25,1.25,,,,,,/en/squads/1d6f5c9b/1998/FR-Yugoslavia-Men-Stats
INT-World Cup,2002,Argentina,16,27.7,,3,33,270,3.0,2,,,2,0,0,6,0,,,,,,,0.67,,,0.67,,,,,,,/en/squads/f9fddd6e/2002/Argentina-Men-Stats
INT-World Cup,2002,Belgium,18,29.3,,4,45,360,4.0,6,,,6,0,0,6,0,,,,,,,1.5,,,1.5,,,,,,,/en/squads/361422b9/2002/Belgium-Men-Stats
INT-World Cup,2002,Brazil,21,26.7,,7,77,630,7.0,18,,,16,2,2,7,0,,,,,,,2.57,,,2.29,,,,,,,/en/squads/304635c3/2002/Brazil-Men-Stats
INT-World Cup,2002,Cameroon,16,25.4,,3,33,270,3.0,2,,,2,0,0,10,1,,,,,,,0.67,,,0.67,,,,,,,/en/squads/896550da/2002/Cameroon-Men-Stats
INT-World Cup,2002,China PR,19,26.3,,3,33,270,3.0,0,,,0,0,0,5,1,,,,,,,0.0,,,0.0,,,,,,,/en/squads/77e8077f/2002/China-PR-Men-Stats
INT-World Cup,2002,Costa Rica,15,27.8,,3,33,270,3.0,5,,,5,0,0,6,0,,,,,,,1.67,,,1.67,,,,,,,/en/squads/1ea5ab66/2002/Costa-Rica-Men-Stats
INT-World Cup,2002,Croatia,18,28.2,,3,33,270,3.0,2,,,2,0,0,3,1,,,,,,,0.67,,,0.67,,,,,,,/en/squads/7b08e376/2002/Croatia-Men-Stats
INT-World Cup,2002,Denmark,18,27.4,,4,44,360,4.0,5,,,4,1,1,9,0,,,,,,,1.25,,,1.0,,,,,,,/en/squads/29a4e4af/2002/Denmark-Men-Stats
INT-World Cup,2002,Ecuador,15,27.7,,3,33,270,3.0,2,,,2,0,0,9,0,,,,,,,0.67,,,0.67,,,,,,,/en/squads/123acaf8/2002/Ecuador-Men-Stats
INT-World Cup,2002,England,19,26.6,,5,55,450,5.0,6,,,5,1,1,6,0,,,,,,,1.2,,,1.0,,,,,,,/en/squads/1862c019/2002/England-Men-Stats
INT-World Cup,2002,France,17,29.2,,3,33,270,3.0,0,,,0,0,0,3,1,,,,,,,0.0,,,0.0,,,,,,,/en/squads/b1b36dcd/2002/France-Men-Stats
INT-World Cup,2002,Germany,19,27.7,,7,77,630,7.0,14,,,14,0,0,18,1,,,,,,,2.0,,,2.0,,,,,,,/en/squads/c1e40422/2002/Germany-Men-Stats
INT-World Cup,2002,Italy,20,27.5,,4,44,390,4.3,5,,,5,0,0,12,1,,,,,,,1.15,,,1.15,,,,,,,/en/squads/998c5958/2002/Italy-Men-Stats
INT-World Cup,2002,Japan,20,24.4,,4,44,360,4.0,5,,,5,0,0,6,0,,,,,,,1.25,,,1.25,,,,,,,/en/squads/ffcf1690/2002/Japan-Men-Stats
INT-World Cup,2002,Korea Republic,18,26.7,,7,78,690,7.7,8,,,8,0,0,14,0,,,,,,,1.04,,,1.04,,,,,,,/en/squads/473f0fbf/2002/Korea-Republic-Men-Stats
INT-World Cup,2002,Mexico,17,27.5,,4,44,360,4.0,4,,,3,1,1,8,0,,,,,,,1.0,,,0.75,,,,,,,/en/squads/b009a548/2002/Mexico-Men-Stats
INT-World Cup,2002,Nigeria,19,23.8,,3,33,270,3.0,1,,,1,0,0,2,0,,,,,,,0.33,,,0.33,,,,,,,/en/squads/10abc743/2002/Nigeria-Men-Stats
INT-World Cup,2002,Paraguay,19,28.9,,4,44,360,4.0,5,,,5,0,0,11,2,,,,,,,1.25,,,1.25,,,,,,,/en/squads/d2043442/2002/Paraguay-Men-Stats
INT-World Cup,2002,Poland,22,27.8,,3,33,270,3.0,3,,,3,0,0,9,0,,,,,,,1.0,,,1.0,,,,,,,/en/squads/8912dcf0/2002/Poland-Men-Stats
INT-World Cup,2002,Portugal,17,29.2,,3,33,270,3.0,5,,,5,0,0,8,2,,,,,,,1.67,,,1.67,,,,,,,/en/squads/4a1b4ea8/2002/Portugal-Men-Stats
INT-World Cup,2002,Rep. of Ireland,17,26.8,,4,44,390,4.3,6,,,5,1,1,4,0,,,,,,,1.38,,,1.15,,,,,,,/en/squads/62e09cb6/2002/Republic-of-Ireland-Men-Stats
INT-World Cup,2002,Russia,17,27.5,,3,33,270,3.0,4,,,3,1,1,9,0,,,,,,,1.33,,,1.0,,,,,,,/en/squads/21ced9fe/2002/Russia-Men-Stats
INT-World Cup,2002,Saudi Arabia,18,26.8,,3,33,270,3.0,0,,,0,0,0,3,0,,,,,,,0.0,,,0.0,,,,,,,/en/squads/6e84edac/2002/Saudi-Arabia-Men-Stats
INT-World Cup,2002,Senegal,18,25.2,,5,55,510,5.7,7,,,7,0,0,15,1,,,,,,,1.24,,,1.24,,,,,,,/en/squads/9ab5c684/2002/Senegal-Men-Stats
INT-World Cup,2002,Slovenia,20,29.7,,3,33,270,3.0,2,,,2,0,0,10,1,,,,,,,0.67,,,0.67,,,,,,,/en/squads/6b9f868f/2002/Slovenia-Men-Stats
INT-World Cup,2002,South Africa,17,26.7,,3,33,270,3.0,5,,,4,1,1,10,0,,,,,,,1.67,,,1.33,,,,,,,/en/squads/506f1741/2002/South-Africa-Men-Stats
INT-World Cup,2002,Spain,21,26.9,,5,55,510,5.7,10,,,8,2,2,7,0,,,,,,,1.76,,,1.41,,,,,,,/en/squads/b561dd30/2002/Spain-Men-Stats
INT-World Cup,2002,Sweden,15,28.0,,4,44,390,4.3,5,,,4,1,1,6,0,,,,,,,1.15,,,0.92,,,,,,,/en/squads/296f69e7/2002/Sweden-Men-Stats
INT-World Cup,2002,Tunisia,17,27.4,,3,33,270,3.0,1,,,1,0,0,8,0,,,,,,,0.33,,,0.33,,,,,,,/en/squads/a7c7562a/2002/Tunisia-Men-Stats
INT-World Cup,2002,Türkiye,21,27.7,,7,77,660,7.3,10,,,10,0,0,20,2,,,,,,,1.36,,,1.36,,,,,,,/en/squads/ac6bcf92/2002/Turkiye-Men-Stats
INT-World Cup,2002,United States,19,27.6,,5,55,450,5.0,6,,,6,0,0,14,0,,,,,,,1.2,,,1.2,,,,,,,/en/squads/0f66725b/2002/United-States-Men-Stats
INT-World Cup,2002,Uruguay,18,25.7,,3,33,270,3.0,4,,,3,1,1,10,0,,,,,,,1.33,,,1.0,,,,,,,/en/squads/870e020f/2002/Uruguay-Men-Stats
INT-World Cup,2006,Angola,17,26.8,,3,33,270,3.0,1,,,1,0,0,11,1,,,,,,,0.33,,,0.33,,,,,,,/en/squads/ca8ead5b/2006/Angola-Men-Stats
INT-World Cup,2006,Argentina,22,27.1,,5,55,510,5.7,10,,,10,0,0,12,0,,,,,,,1.76,,,1.76,,,,,,,/en/squads/f9fddd6e/2006/Argentina-Men-Stats
INT-World Cup,2006,Australia,17,28.1,,4,44,360,4.0,5,,,4,1,1,11,1,,,,,,,1.25,,,1.0,,,,,,,/en/squads/b90bf4f9/2006/Australia-Men-Stats
INT-World Cup,2006,Brazil,19,28.9,,5,55,450,5.0,10,,,10,0,0,11,0,,,,,,,2.0,,,2.0,,,,,,,/en/squads/304635c3/2006/Brazil-Men-Stats
INT-World Cup,2006,Costa Rica,19,29.0,,3,33,270,3.0,3,,,3,0,0,8,0,,,,,,,1.0,,,1.0,,,,,,,/en/squads/1ea5ab66/2006/Costa-Rica-Men-Stats
INT-World Cup,2006,Croatia,16,27.7,,3,33,270,3.0,2,,,2,0,0,12,2,,,,,,,0.67,,,0.67,,,,,,,/en/squads/7b08e376/2006/Croatia-Men-Stats
INT-World Cup,2006,Czechia,19,27.8,,3,33,270,3.0,3,,,3,0,0,7,2,,,,,,,1.0,,,1.0,,,,,,,/en/squads/2740937c/2006/Czechia-Men-Stats
INT-World Cup,2006,Côte d'Ivoire,19,25.4,,3,33,270,3.0,5,,,3,2,2,9,1,,,,,,,1.67,,,1.0,,,,,,,/en/squads/24772b12/2006/Cote-dIvoire-Men-Stats
INT-World Cup,2006,Ecuador,19,27.6,,4,44,360,4.0,5,,,5,0,0,9,0,,,,,,,1.25,,,1.25,,,,,,,/en/squads/123acaf8/2006/Ecuador-Men-Stats
INT-World Cup,2006,England,18,26.0,,5,55,480,5.3,5,,,5,0,0,9,1,,,,,,,0.94,,,0.94,,,,,,,/en/squads/1862c019/2006/England-Men-Stats
INT-World Cup,2006,France,18,29.7,,7,77,660,7.3,9,,,7,2,2,16,0,,,,,,,1.23,,,0.95,,,,,,,/en/squads/b1b36dcd/2006/France-Men-Stats
INT-World Cup,2006,Germany,22,26.5,,7,77,690,7.7,13,,,13,0,0,12,0,,,,,,,1.7,,,1.7,,,,,,,/en/squads/c1e40422/2006/Germany-Men-Stats
INT-World Cup,2006,Ghana,18,24.1,,4,44,360,4.0,4,,,3,1,1,17,0,,,,,,,1.0,,,0.75,,,,,,,/en/squads/9349828d/2006/Ghana-Men-Stats
INT-World Cup,2006,IR Iran,17,27.1,,3,34,270,3.0,2,,,2,0,0,8,0,,,,,,,0.67,,,0.67,,,,,,,/en/squads/6a08f71e/2006/IR-Iran-Men-Stats
INT-World Cup,2006,Italy,21,28.5,,7,78,690,7.7,10,,,9,1,1,11,1,,,,,,,1.3,,,1.17,,,,,,,/en/squads/998c5958/2006/Italy-Men-Stats
INT-World Cup,2006,Japan,20,27.7,,3,33,270,3.0,2,,,2,0,0,7,0,,,,,,,0.67,,,0.67,,,,,,,/en/squads/ffcf1690/2006/Japan-Men-Stats
INT-World Cup,2006,Korea Republic,17,27.2,,3,33,270,3.0,3,,,3,0,0,9,0,,,,,,,1.0,,,1.0,,,,,,,/en/squads/473f0fbf/2006/Korea-Republic-Men-Stats
INT-World Cup,2006,Mexico,19,27.3,,4,44,390,4.3,5,,,5,0,0,12,1,,,,,,,1.15,,,1.15,,,,,,,/en/squads/b009a548/2006/Mexico-Men-Stats
INT-World Cup,2006,Netherlands,20,27.6,,4,44,360,4.0,3,,,3,0,0,16,2,,,,,,,0.75,,,0.75,,,,,,,/en/squads/5bb5024a/2006/Netherlands-Men-Stats
INT-World Cup,2006,Paraguay,19,28.1,,3,33,270,3.0,1,,,1,0,0,8,0,,,,,,,0.33,,,0.33,,,,,,,/en/squads/d2043442/2006/Paraguay-Men-Stats
INT-World Cup,2006,Poland,18,28.4,,3,33,270,3.0,2,,,2,0,0,10,1,,,,,,,0.67,,,0.67,,,,,,,/en/squads/8912dcf0/2006/Poland-Men-Stats
INT-World Cup,2006,Portugal,21,28.3,,7,77,660,7.3,7,,,5,2,2,24,2,,,,,,,0.95,,,0.68,,,,,,,/en/squads/4a1b4ea8/2006/Portugal-Men-Stats
INT-World Cup,2006,Saudi Arabia,17,27.1,,3,33,270,3.0,1,,,1,0,0,5,0,,,,,,,0.33,,,0.33,,,,,,,/en/squads/6e84edac/2006/Saudi-Arabia-Men-Stats
INT-World Cup,2006,Serbia & Montenegro,18,28.8,,3,33,270,3.0,3,,,3,0,0,12,2,,,,,,,1.0,,,1.0,,,,,,,/en/squads/1d6f5c9b/2006/Serbia-and-Montenegro-Men-Stats
INT-World Cup,2006,Spain,22,25.4,,4,44,360,4.0,9,,,6,3,3,6,0,,,,,,,2.25,,,1.5,,,,,,,/en/squads/b561dd30/2006/Spain-Men-Stats
INT-World Cup,2006,Sweden,18,29.1,,4,44,360,4.0,3,,,3,0,0,10,1,,,,,,,0.75,,,0.75,,,,,,,/en/squads/296f69e7/2006/Sweden-Men-Stats
INT-World Cup,2006,Switzerland,19,26.7,,4,44,390,4.3,4,,,4,0,0,11,0,,,,,,,0.92,,,0.92,,,,,,,/en/squads/81021a70/2006/Switzerland-Men-Stats
INT-World Cup,2006,Togo,18,25.0,,3,33,270,3.0,1,,,1,0,0,11,1,,,,,,,0.33,,,0.33,,,,,,,/en/squads/3ea29ae7/2006/Togo-Men-Stats
INT-World Cup,2006,Trin & Tobago,17,28.6,,3,33,270,3.0,0,,,0,0,0,10,1,,,,,,,0.0,,,0.0,,,,,,,/en/squads/2df92663/2006/Trinidad-and-Tobago-Men-Stats
INT-World Cup,2006,Tunisia,19,28.3,,3,33,270,3.0,3,,,3,0,0,14,1,,,,,,,1.0,,,1.0,,,,,,,/en/squads/a7c7562a/2006/Tunisia-Men-Stats
INT-World Cup,2006,Ukraine,18,27.7,,5,55,480,5.3,5,,,4,1,1,12,1,,,,,,,0.94,,,0.75,,,,,,,/en/squads/afa29a3e/2006/Ukraine-Men-Stats
INT-World Cup,2006,United States,18,28.2,,3,33,270,3.0,1,,,1,0,0,5,2,,,,,,,0.33,,,0.33,,,,,,,/en/squads/0f66725b/2006/United-States-Men-Stats
INT-World Cup,2010,Algeria,18,25.9,,3,33,270,3.0,0,0,0,0,0,0,8,2,,,,,,,0.0,0.0,0.0,0.0,0.0,,,,,,/en/squads/1e2dba57/2010/Algeria-Men-Stats
INT-World Cup,2010,Argentina,20,26.2,,5,55,450,5.0,9,0,9,9,0,0,7,0,,,,,,,1.8,0.0,1.8,1.8,1.8,,,,,,/en/squads/f9fddd6e/2010/Argentina-Men-Stats
INT-World Cup,2010,Australia,19,30.1,,3,33,270,3.0,3,0,3,3,0,0,7,2,,,,,,,1.0,0.0,1.0,1.0,1.0,,,,,,/en/squads/b90bf4f9/2010/Australia-Men-Stats
INT-World Cup,2010,Brazil,19,28.9,,5,55,450,5.0,9,0,9,9,0,0,9,1,,,,,,,1.8,0.0,1.8,1.8,1.8,,,,,,/en/squads/304635c3/2010/Brazil-Men-Stats
INT-World Cup,2010,Cameroon,20,26.1,,3,33,270,3.0,2,0,2,1,1,1,5,0,,,,,,,0.67,0.0,0.67,0.33,0.33,,,,,,/en/squads/896550da/2010/Cameroon-Men-Stats
INT-World Cup,2010,Chile,20,24.8,,4,44,360,4.0,3,0,3,3,0,0,15,1,,,,,,,0.75,0.0,0.75,0.75,0.75,,,,,,/en/squads/7fd9c2a2/2010/Chile-Men-Stats
INT-World Cup,2010,Côte d'Ivoire,16,27.5,,3,33,270,3.0,4,0,4,4,0,0,4,0,,,,,,,1.33,0.0,1.33,1.33,1.33,,,,,,/en/squads/24772b12/2010/Cote-dIvoire-Men-Stats
INT-World Cup,2010,Denmark,19,28.4,,3,33,270,3.0,3,0,3,3,0,0,6,0,,,,,,,1.0,0.0,1.0,1.0,1.0,,,,,,/en/squads/29a4e4af/2010/Denmark-Men-Stats
INT-World Cup,2010,England,19,29.1,,4,44,360,4.0,3,0,3,3,0,0,5,0,,,,,,,0.75,0.0,0.75,0.75,0.75,,,,,,/en/squads/1862c019/2010/England-Men-Stats
INT-World Cup,2010,France,19,27.5,,3,33,270,3.0,1,0,1,1,0,0,6,1,,,,,,,0.33,0.0,0.33,0.33,0.33,,,,,,/en/squads/b1b36dcd/2010/France-Men-Stats
INT-World Cup,2010,Germany,22,25.0,,7,77,630,7.0,16,0,16,16,0,0,11,1,,,,,,,2.29,0.0,2.29,2.29,2.29,,,,,,/en/squads/c1e40422/2010/Germany-Men-Stats
INT-World Cup,2010,Ghana,19,25.1,,5,55,510,5.7,5,0,5,3,2,2,11,0,,,,,,,0.88,0.0,0.88,0.53,0.53,,,,,,/en/squads/9349828d/2010/Ghana-Men-Stats
INT-World Cup,2010,Greece,19,27.5,,3,33,270,3.0,2,0,2,2,0,0,5,0,,,,,,,0.67,0.0,0.67,0.67,0.67,,,,,,/en/squads/811d90a4/2010/Greece-Men-Stats
INT-World Cup,2010,Honduras,19,27.9,,3,33,270,3.0,0,0,0,0,0,0,7,0,,,,,,,0.0,0.0,0.0,0.0,0.0,,,,,,/en/squads/a1f66233/2010/Honduras-Men-Stats
INT-World Cup,2010,Italy,19,28.5,,3,33,270,3.0,4,0,4,3,1,1,5,0,,,,,,,1.33,0.0,1.33,1.0,1.0,,,,,,/en/squads/998c5958/2010/Italy-Men-Stats
INT-World Cup,2010,Japan,18,27.6,,4,44,390,4.3,4,0,4,4,0,0,7,0,,,,,,,0.92,0.0,0.92,0.92,0.92,,,,,,/en/squads/ffcf1690/2010/Japan-Men-Stats
INT-World Cup,2010,Korea DPR,15,26.5,,3,35,270,3.0,1,0,1,1,0,0,2,0,,,,,,,0.33,0.0,0.33,0.33,0.33,,,,,,/en/squads/42c4106c/2010/Korea-DPR-Men-Stats
INT-World Cup,2010,Korea Republic,17,26.9,,4,44,360,4.0,6,0,6,6,0,0,6,0,,,,,,,1.5,0.0,1.5,1.5,1.5,,,,,,/en/squads/473f0fbf/2010/Korea-Republic-Men-Stats
INT-World Cup,2010,Mexico,18,28.2,,4,44,360,4.0,4,0,4,3,1,1,9,0,,,,,,,1.0,0.0,1.0,0.75,0.75,,,,,,/en/squads/b009a548/2010/Mexico-Men-Stats
INT-World Cup,2010,Netherlands,19,28.0,,7,77,660,7.3,11,0,11,11,0,0,24,1,,,,,,,1.5,0.0,1.5,1.5,1.5,,,,,,/en/squads/5bb5024a/2010/Netherlands-Men-Stats
INT-World Cup,2010,New Zealand,15,28.5,,3,33,270,3.0,2,0,2,2,0,0,6,0,,,,,,,0.67,0.0,0.67,0.67,0.67,,,,,,/en/squads/259855f0/2010/New-Zealand-Men-Stats
INT-World Cup,2010,Nigeria,18,26.4,,3,33,270,3.0,3,0,3,2,1,1,5,0,,,,,,,1.0,0.0,1.0,0.67,0.67,,,,,,/en/squads/10abc743/2010/Nigeria-Men-Stats
INT-World Cup,2010,Paraguay,20,28.9,,5,55,480,5.3,3,0,3,3,0,0,9,0,,,,,,,0.56,0.0,0.56,0.56,0.56,,,,,,/en/squads/d2043442/2010/Paraguay-Men-Stats
INT-World Cup,2010,Portugal,20,27.9,,4,44,360,4.0,7,0,7,7,0,0,8,1,,,,,,,1.75,0.0,1.75,1.75,1.75,,,,,,/en/squads/4a1b4ea8/2010/Portugal-Men-Stats
INT-World Cup,2010,Serbia,19,26.7,,3,33,270,3.0,2,0,2,2,0,0,9,1,,,,,,,0.67,0.0,0.67,0.67,0.67,,,,,,/en/squads/1d6f5c9b/2010/Serbia-Men-Stats
INT-World Cup,2010,Slovakia,21,25.8,,4,44,360,4.0,5,0,5,4,1,1,10,0,,,,,,,1.25,0.0,1.25,1.0,1.0,,,,,,/en/squads/66cff10b/2010/Slovakia-Men-Stats
INT-World Cup,2010,Slovenia,15,26.8,,3,33,270,3.0,3,0,3,3,0,0,8,0,,,,,,,1.0,0.0,1.0,1.0,1.0,,,,,,/en/squads/6b9f868f/2010/Slovenia-Men-Stats
INT-World Cup,2010,South Africa,19,26.1,,3,33,270,3.0,3,0,3,3,0,0,5,0,,,,,,,1.0,0.0,1.0,1.0,1.0,,,,,,/en/squads/506f1741/2010/South-Africa-Men-Stats
INT-World Cup,2010,Spain,20,26.9,,7,77,660,7.3,8,1,9,8,0,0,8,0,,,,,,,1.09,0.14,1.23,1.09,1.23,,,,,,/en/squads/b561dd30/2010/Spain-Men-Stats
INT-World Cup,2010,Switzerland,18,27.1,,3,33,270,3.0,1,0,1,1,0,0,8,0,,,,,,,0.33,0.0,0.33,0.33,0.33,,,,,,/en/squads/81021a70/2010/Switzerland-Men-Stats
INT-World Cup,2010,United States,19,27.1,,4,44,390,4.3,5,0,5,4,1,1,9,0,,,,,,,1.15,0.0,1.15,0.92,0.92,,,,,,/en/squads/0f66725b/2010/United-States-Men-Stats
INT-World Cup,2010,Uruguay,21,26.3,,7,77,660,7.3,11,0,11,10,1,1,11,1,,,,,,,1.5,0.0,1.5,1.36,1.36,,,,,,/en/squads/870e020f/2010/Uruguay-Men-Stats
INT-World Cup,2014,Algeria,20,25.9,39.5,4,44,390,4.3,7,6,13,6,1,1,6,0,,,,,,,1.62,1.38,3.0,1.38,2.77,,,,,,/en/squads/1e2dba57/2014/Algeria-Men-Stats
INT-World Cup,2014,Argentina,20,27.6,54.4,7,77,720,8.0,7,3,10,7,0,0,8,0,,,,,,,0.87,0.37,1.25,0.87,1.25,,,,,,/en/squads/f9fddd6e/2014/Argentina-Men-Stats
INT-World Cup,2014,Australia,17,26.2,43.7,3,33,270,3.0,3,2,5,2,1,1,6,0,,,,,,,1.0,0.67,1.67,0.67,1.33,,,,,,/en/squads/b90bf4f9/2014/Australia-Men-Stats
INT-World Cup,2014,Belgium,20,25.6,52.6,5,55,480,5.3,6,4,10,6,0,0,7,0,,,,,,,1.13,0.75,1.87,1.13,1.87,,,,,,/en/squads/361422b9/2014/Belgium-Men-Stats
INT-World Cup,2014,Bosnia & Herz'na,20,26.5,53.7,3,33,270,3.0,4,2,6,4,0,0,3,0,,,,,,,1.33,0.67,2.0,1.33,2.0,,,,,,/en/squads/6c5ef1c3/2014/Bosnia-and-Herzegovina-Men-Stats
INT-World Cup,2014,Brazil,21,27.6,53.4,7,77,660,7.3,11,9,20,10,1,1,14,0,,,,,,,1.5,1.23,2.73,1.36,2.59,,,,,,/en/squads/304635c3/2014/Brazil-Men-Stats
INT-World Cup,2014,Cameroon,20,26.8,44.3,3,33,270,3.0,1,1,2,1,0,0,4,1,,,,,,,0.33,0.33,0.67,0.33,0.67,,,,,,/en/squads/896550da/2014/Cameroon-Men-Stats
INT-World Cup,2014,Chile,17,26.7,55.3,4,44,390,4.3,6,3,9,6,0,0,7,0,,,,,,,1.38,0.69,2.08,1.38,2.08,,,,,,/en/squads/7fd9c2a2/2014/Chile-Men-Stats
INT-World Cup,2014,Colombia,22,27.2,47.6,5,55,450,5.0,12,10,22,10,2,2,5,0,,,,,,,2.4,2.0,4.4,2.0,4.0,,,,,,/en/squads/ab73cfe5/2014/Colombia-Men-Stats
INT-World Cup,2014,Costa Rica,18,26.8,42.8,5,55,510,5.7,5,4,9,5,0,0,12,1,,,,,,,0.88,0.71,1.59,0.88,1.59,,,,,,/en/squads/1ea5ab66/2014/Costa-Rica-Men-Stats
INT-World Cup,2014,Croatia,17,28.2,49.3,3,33,270,3.0,5,3,8,5,0,0,4,1,,,,,,,1.67,1.0,2.67,1.67,2.67,,,,,,/en/squads/7b08e376/2014/Croatia-Men-Stats
INT-World Cup,2014,Côte d'Ivoire,19,29.1,55.3,3,33,270,3.0,4,3,7,4,0,0,7,0,,,,,,,1.33,1.0,2.33,1.33,2.33,,,,,,/en/squads/24772b12/2014/Cote-dIvoire-Men-Stats
INT-World Cup,2014,Ecuador,17,27.6,45.0,3,33,270,3.0,3,2,5,3,0,0,5,1,,,,,,,1.0,0.67,1.67,1.0,1.67,,,,,,/en/squads/123acaf8/2014/Ecuador-Men-Stats
INT-World Cup,2014,England,21,26.5,54.3,3,33,270,3.0,2,2,4,2,0,0,4,0,,,,,,,0.67,0.67,1.33,0.67,1.33,,,,,,/en/squads/1862c019/2014/England-Men-Stats
INT-World Cup,2014,France,19,26.2,53.0,5,55,450,5.0,8,6,14,7,1,2,5,0,,,,,,,1.6,1.2,2.8,1.4,2.6,,,,,,/en/squads/b1b36dcd/2014/France-Men-Stats
INT-World Cup,2014,Germany,18,26.6,57.9,7,77,690,7.7,18,12,30,17,1,1,6,0,,,,,,,2.35,1.57,3.91,2.22,3.78,,,,,,/en/squads/c1e40422/2014/Germany-Men-Stats
INT-World Cup,2014,Ghana,20,25.4,48.7,3,33,270,3.0,4,4,8,4,0,0,6,0,,,,,,,1.33,1.33,2.67,1.33,2.67,,,,,,/en/squads/9349828d/2014/Ghana-Men-Stats
INT-World Cup,2014,Greece,17,28.5,47.3,4,44,390,4.3,3,1,4,2,1,1,8,1,,,,,,,0.69,0.23,0.92,0.46,0.69,,,,,,/en/squads/811d90a4/2014/Greece-Men-Stats
INT-World Cup,2014,Honduras,18,29.2,49.0,3,33,270,3.0,1,0,1,1,0,0,7,1,,,,,,,0.33,0.0,0.33,0.33,0.33,,,,,,/en/squads/a1f66233/2014/Honduras-Men-Stats
INT-World Cup,2014,IR Iran,15,29.0,35.0,3,33,270,3.0,1,1,2,1,0,0,4,0,,,,,,,0.33,0.33,0.67,0.33,0.67,,,,,,/en/squads/6a08f71e/2014/IR-Iran-Men-Stats
INT-World Cup,2014,Italy,21,28.5,55.0,3,33,270,3.0,2,2,4,2,0,0,3,1,,,,,,,0.67,0.67,1.33,0.67,1.33,,,,,,/en/squads/998c5958/2014/Italy-Men-Stats
INT-World Cup,2014,Japan,17,27.7,55.7,3,33,270,3.0,2,2,4,2,0,0,4,0,,,,,,,0.67,0.67,1.33,0.67,1.33,,,,,,/en/squads/ffcf1690/2014/Japan-Men-Stats
INT-World Cup,2014,Korea Republic,17,25.1,52.3,3,33,270,3.0,3,3,6,3,0,0,6,0,,,,,,,1.0,1.0,2.0,1.0,2.0,,,,,,/en/squads/473f0fbf/2014/Korea-Republic-Men-Stats
INT-World Cup,2014,Mexico,18,28.0,49.8,4,44,360,4.0,5,3,8,5,0,0,8,0,,,,,,,1.25,0.75,2.0,1.25,2.0,,,,,,/en/squads/b009a548/2014/Mexico-Men-Stats
INT-World Cup,2014,Netherlands,23,26.6,49.3,7,77,690,7.7,15,10,25,13,2,2,11,0,,,,,,,1.96,1.3,3.26,1.7,3.0,,,,,,/en/squads/5bb5024a/2014/Netherlands-Men-Stats
INT-World Cup,2014,Nigeria,19,25.8,50.8,4,44,360,4.0,3,3,6,3,0,0,3,0,,,,,,,0.75,0.75,1.5,0.75,1.5,,,,,,/en/squads/10abc743/2014/Nigeria-Men-Stats
INT-World Cup,2014,Portugal,21,28.7,50.7,3,33,270,3.0,3,1,4,3,0,0,2,1,,,,,,,1.0,0.33,1.33,1.0,1.33,,,,,,/en/squads/4a1b4ea8/2014/Portugal-Men-Stats
INT-World Cup,2014,Russia,16,28.1,49.3,3,33,270,3.0,2,2,4,2,0,0,4,0,,,,,,,0.67,0.67,1.33,0.67,1.33,,,,,,/en/squads/21ced9fe/2014/Russia-Men-Stats
INT-World Cup,2014,Spain,22,28.0,56.0,3,33,270,3.0,4,3,7,3,1,1,3,0,,,,,,,1.33,1.0,2.33,1.0,2.0,,,,,,/en/squads/b561dd30/2014/Spain-Men-Stats
INT-World Cup,2014,Switzerland,18,25.7,47.8,4,44,390,4.3,7,6,13,7,0,0,3,0,,,,,,,1.62,1.38,3.0,1.62,3.0,,,,,,/en/squads/81021a70/2014/Switzerland-Men-Stats
INT-World Cup,2014,United States,19,29.0,44.8,4,44,390,4.3,5,4,9,5,0,0,4,0,,,,,,,1.15,0.92,2.08,1.15,2.08,,,,,,/en/squads/0f66725b/2014/United-States-Men-Stats
INT-World Cup,2014,Uruguay,20,27.8,45.8,4,44,360,4.0,4,2,6,3,1,1,9,0,,,,,,,1.0,0.5,1.5,0.75,1.25,,,,,,/en/squads/870e020f/2014/Uruguay-Men-Stats
INT-World Cup,2018,Argentina,20,29.6,65.3,4,44,360,4.0,6,6,12,6,0,1,11,0,4.8,4.0,3.1,7.0,96,201,1.5,1.5,3.0,1.5,3.0,1.19,0.77,1.96,0.99,1.76,/en/squads/f9fddd6e/2018/Argentina-Men-Stats
INT-World Cup,2018,Australia,15,27.7,52.0,3,33,270,3.0,2,0,2,0,2,2,7,0,3.3,1.7,1.4,3.2,45,129,0.67,0.0,0.67,0.0,0.0,1.09,0.48,1.57,0.58,1.06,/en/squads/b90bf4f9/2018/Australia-Men-Stats
INT-World Cup,2018,Belgium,21,27.7,52.9,7,77,630,7.0,15,12,27,14,1,1,11,0,11.8,11.1,8.8,19.9,176,299,2.14,1.71,3.86,2.0,3.71,1.69,1.26,2.95,1.58,2.84,/en/squads/361422b9/2018/Belgium-Men-Stats
INT-World Cup,2018,Brazil,18,28.2,58.0,5,55,450,5.0,8,7,15,8,0,0,7,0,9.8,9.8,7.9,17.8,167,245,1.6,1.4,3.0,1.6,3.0,1.97,1.59,3.55,1.97,3.55,/en/squads/304635c3/2018/Brazil-Men-Stats
INT-World Cup,2018,Colombia,20,26.8,50.5,4,44,390,4.3,6,5,11,6,0,0,9,1,3.8,3.8,3.2,7.0,55,140,1.38,1.15,2.54,1.38,2.54,0.87,0.75,1.61,0.87,1.61,/en/squads/ab73cfe5/2018/Colombia-Men-Stats
INT-World Cup,2018,Costa Rica,20,29.9,39.7,3,33,270,3.0,1,1,2,1,0,1,6,0,2.6,1.8,1.6,3.4,28,86,0.33,0.33,0.67,0.33,0.67,0.87,0.53,1.39,0.6,1.13,/en/squads/1ea5ab66/2018/Costa-Rica-Men-Stats
INT-World Cup,2018,Croatia,21,28.8,56.7,7,77,720,8.0,13,8,21,12,1,2,15,0,9.0,7.5,5.2,12.7,176,329,1.62,1.0,2.62,1.5,2.5,1.13,0.66,1.78,0.93,1.59,/en/squads/7b08e376/2018/Croatia-Men-Stats
INT-World Cup,2018,Denmark,20,26.9,43.0,4,44,390,4.3,3,3,6,3,0,0,6,0,2.4,2.4,1.9,4.4,36,138,0.69,0.69,1.38,0.69,1.38,0.56,0.45,1.01,0.56,1.01,/en/squads/29a4e4af/2018/Denmark-Men-Stats
INT-World Cup,2018,Egypt,16,28.9,43.0,3,33,270,3.0,2,1,3,1,1,1,5,0,2.5,1.7,1.4,3.1,51,93,0.67,0.33,1.0,0.33,0.67,0.84,0.47,1.31,0.57,1.05,/en/squads/b8889750/2018/Egypt-Men-Stats
INT-World Cup,2018,England,21,25.5,54.1,7,77,690,7.7,12,6,18,9,3,3,8,0,9.7,7.4,5.8,13.2,132,251,1.57,0.78,2.35,1.17,1.96,1.26,0.76,2.02,0.96,1.72,/en/squads/1862c019/2018/England-Men-Stats
INT-World Cup,2018,France,21,25.5,48.3,7,77,630,7.0,12,6,18,9,3,3,12,0,8.0,5.6,3.7,9.3,99,268,1.71,0.86,2.57,1.29,2.14,1.14,0.52,1.67,0.81,1.33,/en/squads/b1b36dcd/2018/France-Men-Stats
INT-World Cup,2018,Germany,20,27.2,71.7,3,33,270,3.0,2,2,4,2,0,0,4,1,5.5,5.5,4.6,10.2,98,298,0.67,0.67,1.33,0.67,1.33,1.85,1.54,3.39,1.85,3.39,/en/squads/c1e40422/2018/Germany-Men-Stats
INT-World Cup,2018,IR Iran,16,26.2,28.0,3,33,270,3.0,1,0,1,0,1,1,7,0,3.2,2.4,1.6,4.0,21,52,0.33,0.0,0.33,0.0,0.0,1.05,0.53,1.58,0.79,1.32,/en/squads/6a08f71e/2018/IR-Iran-Men-Stats
INT-World Cup,2018,Iceland,18,30.0,33.7,3,33,270,3.0,2,0,2,1,1,2,3,0,4.4,2.9,1.7,4.6,32,98,0.67,0.0,0.67,0.33,0.33,1.48,0.58,2.06,0.96,1.53,/en/squads/f51a42e5/2018/Iceland-Men-Stats
INT-World Cup,2018,Japan,18,29.2,53.0,4,44,360,4.0,6,5,11,5,1,1,5,0,4.2,3.7,2.9,6.6,56,133,1.5,1.25,2.75,1.25,2.5,1.04,0.72,1.76,0.93,1.66,/en/squads/ffcf1690/2018/Japan-Men-Stats
INT-World Cup,2018,Korea Republic,19,27.1,37.3,3,33,270,3.0,3,2,5,3,0,0,10,0,2.8,2.8,1.8,4.6,50,72,1.0,0.67,1.67,1.0,1.67,0.92,0.59,1.52,0.92,1.52,/en/squads/473f0fbf/2018/Korea-Republic-Men-Stats
INT-World Cup,2018,Mexico,19,27.8,52.5,4,44,360,4.0,3,2,5,2,1,1,9,0,5.0,4.2,3.2,7.4,93,164,0.75,0.5,1.25,0.5,1.0,1.26,0.8,2.06,1.06,1.86,/en/squads/b009a548/2018/Mexico-Men-Stats
INT-World Cup,2018,Morocco,19,28.6,48.7,3,33,270,3.0,2,1,3,2,0,0,8,0,2.6,2.6,1.8,4.4,56,93,0.67,0.33,1.0,0.67,1.0,0.88,0.6,1.48,0.88,1.48,/en/squads/af41ccda/2018/Morocco-Men-Stats
INT-World Cup,2018,Nigeria,16,24.8,46.7,3,33,270,3.0,3,2,5,2,1,1,4,0,2.9,2.1,1.4,3.5,43,96,1.0,0.67,1.67,0.67,1.33,0.95,0.48,1.43,0.69,1.17,/en/squads/10abc743/2018/Nigeria-Men-Stats
INT-World Cup,2018,Panama,20,28.3,37.0,3,33,270,3.0,1,1,2,1,0,0,11,0,2.2,2.2,1.7,4.0,32,67,0.33,0.33,0.67,0.33,0.67,0.75,0.58,1.33,0.75,1.33,/en/squads/6061a82d/2018/Panama-Men-Stats
INT-World Cup,2018,Peru,17,27.5,50.7,3,33,270,3.0,2,1,3,2,0,1,5,0,2.3,1.5,1.3,2.8,58,107,0.67,0.33,1.0,0.67,1.0,0.76,0.44,1.2,0.5,0.93,/en/squads/f711c854/2018/Peru-Men-Stats
INT-World Cup,2018,Poland,21,27.6,50.7,3,33,270,3.0,2,2,4,2,0,0,3,0,3.3,3.3,2.7,6.0,33,106,0.67,0.67,1.33,0.67,1.33,1.11,0.89,2.0,1.11,2.0,/en/squads/8912dcf0/2018/Poland-Men-Stats
INT-World Cup,2018,Portugal,18,28.3,54.8,4,44,360,4.0,6,4,10,5,1,2,7,0,4.5,2.9,2.3,5.2,92,178,1.5,1.0,2.5,1.25,2.25,1.12,0.58,1.7,0.72,1.3,/en/squads/4a1b4ea8/2018/Portugal-Men-Stats
INT-World Cup,2018,Russia,19,28.8,38.0,5,55,510,5.7,10,8,18,9,1,1,8,1,4.6,3.8,3.4,7.2,87,160,1.76,1.41,3.18,1.59,3.0,0.81,0.61,1.41,0.67,1.27,/en/squads/21ced9fe/2018/Russia-Men-Stats
INT-World Cup,2018,Saudi Arabia,20,28.1,59.0,3,33,270,3.0,2,1,3,1,1,2,1,0,3.1,1.5,1.2,2.7,59,130,0.67,0.33,1.0,0.33,0.67,1.04,0.39,1.43,0.51,0.9,/en/squads/6e84edac/2018/Saudi-Arabia-Men-Stats
INT-World Cup,2018,Senegal,18,26.0,41.3,3,33,270,3.0,3,1,4,3,0,0,6,0,3.0,3.0,1.4,4.4,55,86,1.0,0.33,1.33,1.0,1.33,0.99,0.47,1.46,0.99,1.46,/en/squads/9ab5c684/2018/Senegal-Men-Stats
INT-World Cup,2018,Serbia,18,27.9,42.7,3,33,270,3.0,2,1,3,2,0,0,9,0,3.2,3.2,2.7,5.9,61,136,0.67,0.33,1.0,0.67,1.0,1.07,0.91,1.98,1.07,1.98,/en/squads/1d6f5c9b/2018/Serbia-Men-Stats
INT-World Cup,2018,Spain,17,28.9,74.0,4,44,390,4.3,6,3,9,6,0,0,2,0,7.6,7.6,5.3,12.9,109,271,1.38,0.69,2.08,1.38,2.08,1.75,1.23,2.98,1.75,2.98,/en/squads/b561dd30/2018/Spain-Men-Stats
INT-World Cup,2018,Sweden,19,28.5,38.0,5,55,450,5.0,5,3,8,3,2,2,8,0,6.6,5.0,4.4,9.4,56,127,1.0,0.6,1.6,0.6,1.2,1.31,0.88,2.2,1.0,1.88,/en/squads/296f69e7/2018/Sweden-Men-Stats
INT-World Cup,2018,Switzerland,17,27.4,59.3,4,44,360,4.0,5,4,9,5,0,0,9,0,4.8,4.8,3.9,8.7,70,185,1.25,1.0,2.25,1.25,2.25,1.21,0.97,2.18,1.21,2.18,/en/squads/81021a70/2018/Switzerland-Men-Stats
INT-World Cup,2018,Tunisia,23,26.2,52.7,3,33,270,3.0,5,4,9,4,1,1,4,0,4.3,3.5,3.0,6.5,45,106,1.67,1.33,3.0,1.33,2.67,1.42,1.0,2.42,1.16,2.15,/en/squads/a7c7562a/2018/Tunisia-Men-Stats
INT-World Cup,2018,Uruguay,19,27.6,46.8,5,55,450,5.0,6,4,10,6,0,0,3,0,5.9,5.9,3.9,9.8,78,178,1.2,0.8,2.0,1.2,2.0,1.18,0.77,1.96,1.18,1.96,/en/squads/870e020f/2018/Uruguay-Men-Stats
INT-World Cup,2022,Argentina,24,27.5,57.4,7,77,690,7.7,15,8,23,11,4,5,19,0,15.1,11.3,7.7,19.0,164,310,1.96,1.04,3.0,1.43,2.48,1.96,1.0,2.97,1.47,2.48,/en/squads/f9fddd6e/2022/Argentina-Men-Stats
INT-World Cup,2022,Australia,20,27.8,37.8,4,44,360,4.0,3,3,6,3,0,0,7,0,2.3,2.3,1.9,4.2,39,102,0.75,0.75,1.5,0.75,1.5,0.58,0.48,1.06,0.58,1.06,/en/squads/b90bf4f9/2022/Australia-Men-Stats
INT-World Cup,2022,Belgium,20,29.7,57.0,3,33,270,3.0,1,1,2,1,0,0,5,0,4.7,4.7,3.8,8.5,47,131,0.33,0.33,0.67,0.33,0.67,1.57,1.27,2.85,1.57,2.85,/en/squads/361422b9/2022/Belgium-Men-Stats
INT-World Cup,2022,Brazil,26,27.6,56.2,5,55,480,5.3,8,6,14,7,1,1,6,0,12.0,11.2,8.2,19.4,115,267,1.5,1.13,2.62,1.31,2.44,2.24,1.54,3.79,2.09,3.64,/en/squads/304635c3/2022/Brazil-Men-Stats
INT-World Cup,2022,Cameroon,22,27.2,41.7,3,33,270,3.0,4,4,8,4,0,0,8,1,3.4,3.4,2.0,5.4,49,90,1.33,1.33,2.67,1.33,2.67,1.14,0.66,1.8,1.14,1.8,/en/squads/896550da/2022/Cameroon-Men-Stats
INT-World Cup,2022,Canada,19,27.3,52.0,3,33,270,3.0,1,1,2,1,0,1,8,0,4.2,3.6,2.8,6.4,55,114,0.33,0.33,0.67,0.33,0.67,1.41,0.95,2.35,1.18,2.13,/en/squads/9c6d90a0/2022/Canada-Men-Stats
INT-World Cup,2022,Costa Rica,22,29.7,31.3,3,33,270,3.0,3,1,4,3,0,0,6,0,1.4,1.4,0.6,2.0,21,51,1.0,0.33,1.33,1.0,1.33,0.48,0.2,0.68,0.48,0.68,/en/squads/1ea5ab66/2022/Costa-Rica-Men-Stats
INT-World Cup,2022,Croatia,21,28.3,54.3,7,77,690,7.7,8,8,16,8,0,0,8,0,7.0,7.0,5.6,12.6,173,348,1.04,1.04,2.09,1.04,2.09,0.91,0.74,1.65,0.91,1.65,/en/squads/7b08e376/2022/Croatia-Men-Stats
INT-World Cup,2022,Denmark,20,26.6,60.0,3,33,270,3.0,1,1,2,1,0,0,5,0,2.7,2.7,1.8,4.5,47,181,0.33,0.33,0.67,0.33,0.67,0.9,0.59,1.49,0.9,1.49,/en/squads/29a4e4af/2022/Denmark-Men-Stats
INT-World Cup,2022,Ecuador,18,24.9,53.3,3,33,270,3.0,4,2,6,3,1,1,3,0,3.7,2.9,1.8,4.7,31,74,1.33,0.67,2.0,1.0,1.67,1.24,0.6,1.84,0.98,1.58,/en/squads/123acaf8/2022/Ecuador-Men-Stats
INT-World Cup,2022,England,20,26.1,62.8,5,55,450,5.0,13,11,24,12,1,2,1,0,8.6,7.0,5.6,12.6,90,251,2.6,2.2,4.8,2.4,4.6,1.72,1.12,2.83,1.4,2.52,/en/squads/1862c019/2022/England-Men-Stats
INT-World Cup,2022,France,24,26.3,51.3,7,77,660,7.3,16,12,28,14,2,2,8,0,13.8,12.2,10.3,22.5,157,289,2.18,1.64,3.82,1.91,3.55,1.88,1.4,3.29,1.67,3.07,/en/squads/b1b36dcd/2022/France-Men-Stats
INT-World Cup,2022,Germany,20,27.3,59.3,3,33,270,3.0,6,5,11,5,1,1,3,0,10.1,9.3,7.5,16.8,67,180,2.0,1.67,3.67,1.67,3.33,3.35,2.5,5.85,3.09,5.59,/en/squads/c1e40422/2022/Germany-Men-Stats
INT-World Cup,2022,Ghana,20,25.5,42.0,3,33,270,3.0,5,2,7,5,0,1,8,0,4.1,3.4,1.7,5.1,43,76,1.67,0.67,2.33,1.67,2.33,1.38,0.57,1.95,1.13,1.7,/en/squads/9349828d/2022/Ghana-Men-Stats
INT-World Cup,2022,IR Iran,21,28.5,36.7,3,33,270,3.0,4,2,6,3,1,1,7,0,3.2,2.8,2.4,5.2,43,78,1.33,0.67,2.0,1.0,1.67,1.07,0.81,1.88,0.94,1.75,/en/squads/6a08f71e/2022/IR-Iran-Men-Stats
INT-World Cup,2022,Japan,22,28.0,35.8,4,44,390,4.3,5,4,9,5,0,0,6,0,5.0,5.0,3.5,8.5,56,119,1.15,0.92,2.08,1.15,2.08,1.15,0.81,1.96,1.15,1.96,/en/squads/ffcf1690/2022/Japan-Men-Stats
INT-World Cup,2022,Korea Republic,21,28.2,48.3,4,44,360,4.0,5,3,8,5,0,0,7,0,4.6,4.6,3.3,7.9,42,181,1.25,0.75,2.0,1.25,2.0,1.14,0.83,1.98,1.14,1.98,/en/squads/473f0fbf/2022/Korea-Republic-Men-Stats
INT-World Cup,2022,Mexico,21,28.2,54.0,3,33,270,3.0,2,1,3,2,0,0,7,0,3.3,3.3,2.7,6.0,52,121,0.67,0.33,1.0,0.67,1.0,1.09,0.9,1.99,1.09,1.99,/en/squads/b009a548/2022/Mexico-Men-Stats
INT-World Cup,2022,Morocco,25,26.3,39.0,7,77,660,7.3,6,4,10,6,0,0,9,1,6.6,6.6,4.6,11.2,103,170,0.82,0.55,1.36,0.82,1.36,0.9,0.63,1.53,0.9,1.53,/en/squads/af41ccda/2022/Morocco-Men-Stats
INT-World Cup,2022,Netherlands,21,26.8,53.0,5,55,480,5.3,10,8,18,10,0,0,12,1,4.6,4.6,2.9,7.5,82,193,1.87,1.5,3.38,1.87,3.38,0.86,0.54,1.41,0.86,1.41,/en/squads/5bb5024a/2022/Netherlands-Men-Stats
INT-World Cup,2022,Poland,21,27.8,37.3,4,44,360,4.0,3,1,4,2,1,2,7,0,4.5,2.9,1.8,4.7,41,84,0.75,0.25,1.0,0.5,0.75,1.14,0.44,1.58,0.74,1.18,/en/squads/8912dcf0/2022/Poland-Men-Stats
INT-World Cup,2022,Portugal,24,26.9,60.4,5,55,450,5.0,12,10,22,10,2,2,6,0,7.9,6.3,5.3,11.6,109,221,2.4,2.0,4.4,2.0,4.0,1.57,1.05,2.63,1.26,2.31,/en/squads/4a1b4ea8/2022/Portugal-Men-Stats
INT-World Cup,2022,Qatar,20,28.2,43.0,3,33,270,3.0,1,1,2,1,0,0,7,0,1.4,1.4,1.2,2.6,52,71,0.33,0.33,0.67,0.33,0.67,0.47,0.39,0.87,0.47,0.87,/en/squads/9b696ed1/2022/Qatar-Men-Stats
INT-World Cup,2022,Saudi Arabia,23,27.3,44.7,3,33,270,3.0,3,2,5,3,0,1,14,0,3.0,2.1,1.4,3.5,47,101,1.0,0.67,1.67,1.0,1.67,0.99,0.47,1.47,0.71,1.18,/en/squads/6e84edac/2022/Saudi-Arabia-Men-Stats
INT-World Cup,2022,Senegal,20,26.9,44.8,4,44,360,4.0,5,2,7,4,1,1,7,0,4.5,3.7,2.4,6.2,65,111,1.25,0.5,1.75,1.0,1.5,1.13,0.61,1.74,0.93,1.54,/en/squads/9ab5c684/2022/Senegal-Men-Stats
INT-World Cup,2022,Serbia,22,26.5,51.3,3,33,270,3.0,5,4,9,5,0,0,12,0,3.4,3.4,2.9,6.2,62,105,1.67,1.33,3.0,1.67,3.0,1.12,0.95,2.07,1.12,2.07,/en/squads/1d6f5c9b/2022/Serbia-Men-Stats
INT-World Cup,2022,Spain,21,25.5,75.8,4,44,390,4.3,9,5,14,8,1,1,2,0,6.2,5.4,4.0,9.4,93,270,2.08,1.15,3.23,1.85,3.0,1.42,0.92,2.34,1.24,2.16,/en/squads/b561dd30/2022/Spain-Men-Stats
INT-World Cup,2022,Switzerland,24,27.6,49.0,4,44,360,4.0,5,4,9,5,0,0,9,0,5.5,5.5,3.6,9.1,81,160,1.25,1.0,2.25,1.25,2.25,1.37,0.91,2.28,1.37,2.28,/en/squads/81021a70/2022/Switzerland-Men-Stats
INT-World Cup,2022,Tunisia,21,26.9,44.3,3,33,270,3.0,1,1,2,1,0,0,5,0,2.3,2.3,1.9,4.2,28,122,0.33,0.33,0.67,0.33,0.67,0.77,0.64,1.41,0.77,1.41,/en/squads/a7c7562a/2022/Tunisia-Men-Stats
INT-World Cup,2022,United States,20,24.5,53.0,4,44,360,4.0,3,3,6,3,0,0,5,0,4.1,4.1,3.5,7.6,106,173,0.75,0.75,1.5,0.75,1.5,1.01,0.87,1.89,1.01,1.89,/en/squads/0f66725b/2022/United-States-Men-Stats
INT-World Cup,2022,Uruguay,19,27.6,48.7,3,33,270,3.0,2,1,3,2,0,0,8,0,3.7,3.7,2.8,6.4,36,116,0.67,0.33,1.0,0.67,1.0,1.23,0.92,2.15,1.23,2.15,/en/squads/870e020f/2022/Uruguay-Men-Stats
INT-World Cup,2022,Wales,18,26.8,46.7,3,33,270,3.0,1,0,1,0,1,1,5,1,2.7,1.9,1.8,3.7,27,85,0.33,0.0,0.33,0.0,0.0,0.91,0.59,1.49,0.65,1.23,/en/squads/b1bbcad3/2022/Wales-Men-Stats
